geo_neighborhood,building_type,owner_class,class_parcels,class_units,parcels,units,parcel_share,unit_share,suppressed
19126,condo_unit,unknown,4,4,78,78,0.05128205128205128,0.05128205128205128,false
19116,small_mf,individual,1,5,10,50,0.1,0.1,false
19114,large_mf,unknown,3,300,15,1402,0.2,0.21398002853067047,false
19103,mixed_use_res,unknown,11,11,176,176,0.0625,0.0625,false
19120,large_mf,partnership,1,51,3,251,0.3333333333333333,0.20318725099601595,false
19149,mixed_use_res,trust,4,4,268,268,0.014925373134328358,0.014925373134328358,false
19119,large_mf,unknown,2,102,13,810,0.15384615384615385,0.1259259259259259,false
19131,large_mf,unknown,3,202,28,2408,0.10714285714285714,0.08388704318936877,false
19103,small_mf,trust,14,70,438,2190,0.0319634703196347,0.0319634703196347,false
19131,condo_unit,llc,23,23,734,734,0.031335149863760216,0.031335149863760216,false
19151,small_mf,llc,25,125,45,225,0.5555555555555556,0.5555555555555556,false
19148,sfr_1_4,individual,18141,19008,19407,20486,0.9347658061524192,0.9278531680171824,false
19116,sfr_1_4,unknown,22,28,8956,10344,0.0024564537740062527,0.0027068832173240526,false
19151,mixed_use_res,unknown,7,7,286,286,0.024475524475524476,0.024475524475524476,false
19130,small_mf,llc,169,845,407,2035,0.4152334152334152,0.4152334152334152,false
19111,mixed_use_res,individual,183,183,245,245,0.746938775510204,0.746938775510204,false
19154,condo_unit,partnership,5,5,444,444,0.01126126126126126,0.01126126126126126,false
19119,sfr_1_4,lender_reo,7,7,8741,9145,0.0008008237043816497,0.0007654455986878076,false
19106,mixed_use_res,partnership,19,19,164,164,0.11585365853658537,0.11585365853658537,false
19120,sfr_1_4,trust,144,155,19962,21330,0.007213706041478809,0.007266760431317393,false
19104,mixed_use_res,individual,187,187,319,319,0.5862068965517241,0.5862068965517241,false
19130,condo_unit,lender_reo,4,4,3563,3563,0.001122649452708392,0.001122649452708392,false
19150,mixed_use_res,corp,4,4,52,52,0.07692307692307693,0.07692307692307693,false
19121,small_mf,partnership,26,130,292,1460,0.08904109589041095,0.08904109589041095,false
19143,sfr_1_4,trust,443,487,22141,24041,0.020008129714105052,0.020257060854373777,false
19115,condo_unit,unknown,122,122,2005,2005,0.06084788029925187,0.06084788029925187,false
19143,sfr_1_4,corp,290,314,22141,24041,0.013097872724809178,0.013061020756208144,false
19116,condo_unit,trust,24,24,913,913,0.02628696604600219,0.02628696604600219,false
19154,condo_unit,corp,3,3,444,444,0.006756756756756757,0.006756756756756757,false
19104,condo_unit,llc,10,10,84,84,0.11904761904761904,0.11904761904761904,false
19137,sfr_1_4,llc,154,166,3257,3338,0.04728277556033159,0.04973037747153984,false
19139,condo_unit,llc,90,90,94,94,0.9574468085106383,0.9574468085106383,false
19135,small_mf,unknown,6,30,47,235,0.1276595744680851,0.1276595744680851,false
19143,large_mf,llc,4,204,13,712,0.3076923076923077,0.28651685393258425,false
19150,mixed_use_res,llc,12,12,52,52,0.23076923076923078,0.23076923076923078,false
19107,condo_unit,unknown,32,32,2512,2512,0.012738853503184714,0.012738853503184714,false
19146,small_mf,corp,10,50,173,865,0.057803468208092484,0.057803468208092484,false
19135,large_mf,individual,1,51,3,153,0.3333333333333333,0.3333333333333333,false
19114,mixed_use_res,llc,3,3,10,10,0.3,0.3,false
19133,large_mf,individual,1,51,4,204,0.25,0.25,false
19126,small_mf,individual,7,35,35,175,0.2,0.2,false
19121,sfr_1_4,lender_reo,23,29,9587,11327,0.002399082090330656,0.0025602542597333803,false
19143,mixed_use_res,individual,448,448,670,670,0.6686567164179105,0.6686567164179105,false
19154,sfr_1_4,individual,10441,10828,10758,11186,0.970533556423127,0.9679957089218666,false
19144,small_mf,individual,45,225,185,925,0.24324324324324326,0.24324324324324326,false
19141,small_mf,partnership,13,65,69,345,0.18840579710144928,0.18840579710144928,false
19152,sfr_1_4,llc,166,220,9564,10390,0.017356754496026767,0.021174205967276226,false
19123,condo_unit,partnership,7,7,1770,1770,0.0039548022598870055,0.0039548022598870055,false
19120,large_mf,corp,1,100,3,251,0.3333333333333333,0.398406374501992,false
19154,condo_unit,unknown,3,3,444,444,0.006756756756756757,0.006756756756756757,false
19154,condo_unit,llc,19,19,444,444,0.04279279279279279,0.04279279279279279,false
19111,sfr_1_4,estate,1,2,17892,20095,0.0000558909009613235,0.00009952724558347848,false
19130,sfr_1_4,partnership,50,71,5723,6639,0.008736676568233443,0.010694381683988553,false
19143,condo_unit,llc,50,50,230,230,0.21739130434782608,0.21739130434782608,false
19131,small_mf,corp,3,15,49,245,0.061224489795918366,0.061224489795918366,false
19139,mixed_use_res,trust,8,8,640,640,0.0125,0.0125,false
19143,sfr_1_4,estate,4,5,22141,24041,0.00018066031344564384,0.00020797803751923798,false
19124,mixed_use_res,corp,25,25,490,490,0.05102040816326531,0.05102040816326531,false
19111,small_mf,individual,32,160,120,600,0.26666666666666666,0.26666666666666666,false
19130,large_mf,unknown,5,451,15,1353,0.3333333333333333,0.3333333333333333,false
19146,sfr_1_4,estate,7,7,15148,16282,0.0004621072088724584,0.0004299226139294927,false
19154,small_mf,llc,1,5,3,15,0.3333333333333333,0.3333333333333333,false
19129,sfr_1_4,individual,3032,3147,3369,3547,0.8999703176016622,0.8872286439244432,false
19125,small_mf,trust,1,5,196,980,0.00510204081632653,0.00510204081632653,false
19111,large_mf,corp,1,100,23,1467,0.043478260869565216,0.0681663258350375,false
19115,mixed_use_res,corp,2,2,10,10,0.2,0.2,false
19152,condo_unit,llc,31,31,321,321,0.09657320872274143,0.09657320872274143,false
19149,sfr_1_4,llc,797,911,17699,18838,0.045030792700152554,0.04835969848179212,false
19103,sfr_1_4,trust,77,85,1520,1660,0.0506578947368421,0.05120481927710843,false
19121,sfr_1_4,unknown,293,445,9587,11327,0.03056221967247314,0.03928666019246049,false
19114,condo_unit,llc,27,27,1584,1584,0.017045454545454544,0.017045454545454544,false
19122,sfr_1_4,estate,1,1,4651,5043,0.00021500752526338422,0.000198294665873488,false
19107,condo_unit,partnership,25,25,2512,2512,0.009952229299363057,0.009952229299363057,false
19129,sfr_1_4,trust,50,60,3369,3547,0.014841199168892847,0.01691570341133352,false
19154,large_mf,unknown,1,100,6,502,0.16666666666666666,0.199203187250996,false
19104,condo_unit,trust,3,3,84,84,0.03571428571428571,0.03571428571428571,false
19106,sfr_1_4,corp,5,8,1000,1084,0.005,0.007380073800738007,false
19114,condo_unit,individual,1537,1537,1584,1584,0.9703282828282829,0.9703282828282829,false
19132,small_mf,unknown,9,45,59,295,0.15254237288135594,0.15254237288135594,false
19128,condo_unit,partnership,46,46,738,738,0.06233062330623306,0.06233062330623306,false
19116,large_mf,unknown,4,351,16,1257,0.25,0.27923627684964203,false
19130,large_mf,individual,2,151,15,1353,0.13333333333333333,0.11160384331116038,false
19137,mixed_use_res,corp,1,1,74,74,0.013513513513513514,0.013513513513513514,false
19123,condo_unit,unknown,28,28,1770,1770,0.015819209039548022,0.015819209039548022,false
19144,condo_unit,individual,9,9,23,23,0.391304347826087,0.391304347826087,false
19139,sfr_1_4,lender_reo,39,45,13361,15113,0.002918943192874785,0.002977568980348045,false
19152,large_mf,unknown,4,302,20,1216,0.2,0.24835526315789475,false
19151,sfr_1_4,estate,2,2,10451,11392,0.0001913692469620132,0.00017556179775280898,false
19128,sfr_1_4,lender_reo,8,11,11962,12739,0.0006687844841999665,0.0008634900698641965,false
19133,small_mf,individual,12,60,55,275,0.21818181818181817,0.21818181818181817,false
19131,sfr_1_4,partnership,101,110,12317,13718,0.008200048713160673,0.008018661612479954,false
19148,condo_unit,trust,1,1,24,24,0.041666666666666664,0.041666666666666664,false
19128,small_mf,individual,24,120,103,515,0.23300970873786409,0.23300970873786409,false
19114,mixed_use_res,partnership,2,2,10,10,0.2,0.2,false
19125,condo_unit,trust,9,9,539,539,0.016697588126159554,0.016697588126159554,false
19132,large_mf,unknown,1,51,8,408,0.125,0.125,false
19106,large_mf,llc,5,353,15,1108,0.3333333333333333,0.3185920577617328,false
19115,sfr_1_4,llc,106,154,8056,8530,0.013157894736842105,0.01805392731535756,false
19133,small_mf,corp,6,30,55,275,0.10909090909090909,0.10909090909090909,false
19141,mixed_use_res,corp,22,22,338,338,0.0650887573964497,0.0650887573964497,false
19144,mixed_use_res,unknown,10,10,312,312,0.03205128205128205,0.03205128205128205,false
19145,condo_unit,trust,1,1,124,124,0.008064516129032258,0.008064516129032258,false
19119,condo_unit,individual,292,292,333,333,0.8768768768768769,0.8768768768768769,false
19107,mixed_use_res,trust,23,23,291,291,0.07903780068728522,0.07903780068728522,false
19106,condo_unit,trust,125,125,4204,4204,0.02973358705994291,0.02973358705994291,false
19141,large_mf,unknown,4,302,14,1008,0.2857142857142857,0.2996031746031746,false
19144,large_mf,partnership,11,806,45,3030,0.24444444444444444,0.266006600660066,false
19127,mixed_use_res,unknown,10,10,128,128,0.078125,0.078125,false
19102,large_mf,llc,8,653,16,1306,0.5,0.5,false
19152,sfr_1_4,unknown,17,20,9564,10390,0.0017774989544123798,0.0019249278152069298,false
19148,sfr_1_4,partnership,34,47,19407,20486,0.0017519451744216004,0.0022942497315239676,false
19133,mixed_use_res,partnership,1,1,490,490,0.0020408163265306124,0.0020408163265306124,false
19146,large_mf,corp,2,102,18,1114,0.1111111111111111,0.09156193895870736,false
19130,sfr_1_4,trust,108,133,5723,6639,0.01887122138738424,0.02003313752071095,false
19135,sfr_1_4,unknown,101,117,10952,11787,0.009222059897735573,0.009926189870195978,false
19146,condo_unit,trust,43,43,2004,2004,0.021457085828343315,0.021457085828343315,false
19133,mixed_use_res,trust,7,7,490,490,0.014285714285714285,0.014285714285714285,false
19103,mixed_use_res,lender_reo,2,2,176,176,0.011363636363636364,0.011363636363636364,false
19135,mixed_use_res,trust,5,5,331,331,0.015105740181268883,0.015105740181268883,false
19125,sfr_1_4,partnership,15,15,9884,10240,0.001517604208822339,0.00146484375,false
19144,large_mf,llc,20,1265,45,3030,0.4444444444444444,0.4174917491749175,false
19115,condo_unit,llc,81,81,2005,2005,0.04039900249376559,0.04039900249376559,false
19154,large_mf,llc,3,300,6,502,0.5,0.5976095617529881,false
19103,condo_unit,estate,1,1,4529,4529,0.00022079929344226098,0.00022079929344226098,false
19111,mixed_use_res,llc,46,46,245,245,0.18775510204081633,0.18775510204081633,false
19133,mixed_use_res,corp,38,38,490,490,0.07755102040816327,0.07755102040816327,false
19120,mixed_use_res,lender_reo,1,1,636,636,0.0015723270440251573,0.0015723270440251573,false
19119,large_mf,partnership,4,253,13,810,0.3076923076923077,0.31234567901234567,false
19106,condo_unit,individual,3809,3809,4204,4204,0.9060418648905804,0.9060418648905804,false
19114,condo_unit,trust,14,14,1584,1584,0.008838383838383838,0.008838383838383838,false
19124,small_mf,unknown,5,25,97,485,0.05154639175257732,0.05154639175257732,false
19125,large_mf,llc,2,102,6,306,0.3333333333333333,0.3333333333333333,false
19149,small_mf,individual,2,10,9,45,0.2222222222222222,0.2222222222222222,false
19131,small_mf,partnership,5,25,49,245,0.10204081632653061,0.10204081632653061,false
19128,mixed_use_res,llc,46,46,147,147,0.3129251700680272,0.3129251700680272,false
19125,mixed_use_res,trust,3,3,397,397,0.007556675062972292,0.007556675062972292,false
19154,small_mf,unknown,1,5,3,15,0.3333333333333333,0.3333333333333333,false
19145,sfr_1_4,llc,1130,1265,16786,17600,0.06731800309781961,0.071875,false
19140,mixed_use_res,lender_reo,1,1,698,698,0.0014326647564469914,0.0014326647564469914,false
19143,sfr_1_4,lender_reo,47,50,22141,24041,0.002122758682986315,0.0020797803751923796,false
19118,condo_unit,individual,132,132,140,140,0.9428571428571428,0.9428571428571428,false
19136,condo_unit,individual,119,119,150,150,0.7933333333333333,0.7933333333333333,false
19139,condo_unit,individual,3,3,94,94,0.031914893617021274,0.031914893617021274,false
19124,large_mf,corp,1,51,7,455,0.14285714285714285,0.11208791208791209,false
19118,mixed_use_res,trust,2,2,102,102,0.0196078431372549,0.0196078431372549,false
19128,large_mf,unknown,5,402,21,1610,0.23809523809523808,0.2496894409937888,false
19102,small_mf,corp,1,5,69,345,0.014492753623188406,0.014492753623188406,false
19119,condo_unit,llc,27,27,333,333,0.08108108108108109,0.08108108108108109,false
19146,mixed_use_res,individual,299,299,467,467,0.6402569593147751,0.6402569593147751,false
19123,large_mf,llc,10,657,92,8416,0.10869565217391304,0.07806558935361217,false
19123,mixed_use_res,corp,9,9,290,290,0.03103448275862069,0.03103448275862069,false
19144,large_mf,unknown,4,302,45,3030,0.08888888888888889,0.09966996699669967,false
19136,condo_unit,trust,2,2,150,150,0.013333333333333334,0.013333333333333334,false
19111,sfr_1_4,trust,131,159,17892,20095,0.007321708025933378,0.007912416023886539,false
19144,small_mf,llc,92,460,185,925,0.4972972972972973,0.4972972972972973,false
19142,sfr_1_4,partnership,75,79,9781,10240,0.007667927614763316,0.00771484375,false
19151,sfr_1_4,llc,649,804,10451,11392,0.06209932063917328,0.07057584269662921,false
19124,sfr_1_4,llc,1634,1899,20135,21471,0.08115222249813757,0.08844487913930418,false
19146,small_mf,individual,55,275,173,865,0.3179190751445087,0.3179190751445087,false
19121,sfr_1_4,trust,122,143,9587,11327,0.012725565870449568,0.012624702039374944,false
19147,sfr_1_4,corp,64,84,12346,13643,0.0051838652195042925,0.0061570035915854285,false
19138,mixed_use_res,unknown,2,2,206,206,0.009708737864077669,0.009708737864077669,false
19119,sfr_1_4,llc,350,414,8741,9145,0.04004118521908249,0.04527063969382176,false
19123,mixed_use_res,partnership,10,10,290,290,0.034482758620689655,0.034482758620689655,false
19145,mixed_use_res,llc,139,139,618,618,0.22491909385113268,0.22491909385113268,false
19132,mixed_use_res,trust,8,8,525,525,0.015238095238095238,0.015238095238095238,false
19116,sfr_1_4,trust,118,174,8956,10344,0.013175524787851719,0.016821345707656612,false
19122,sfr_1_4,individual,4048,4279,4651,5043,0.8703504622661793,0.8485028752726551,false
19115,mixed_use_res,llc,2,2,10,10,0.2,0.2,false
19116,sfr_1_4,lender_reo,4,4,8956,10344,0.00044662795891022776,0.0003866976024748647,false
19133,sfr_1_4,trust,133,140,7617,8044,0.017460942628331363,0.0174042764793635,false
19150,sfr_1_4,lender_reo,17,17,8910,9717,0.0019079685746352412,0.001749511165997736,false
19122,condo_unit,unknown,1,1,434,434,0.002304147465437788,0.002304147465437788,false
19148,large_mf,partnership,1,100,2,151,0.5,0.6622516556291391,false
19132,mixed_use_res,corp,31,31,525,525,0.05904761904761905,0.05904761904761905,false
19132,sfr_1_4,llc,2519,2768,14506,15153,0.1736522818144216,0.18267009833036363,false
19121,condo_unit,trust,2,2,234,234,0.008547008547008548,0.008547008547008548,false
19124,small_mf,llc,52,260,97,485,0.5360824742268041,0.5360824742268041,false
19150,sfr_1_4,trust,130,151,8910,9717,0.014590347923681257,0.015539775650921066,false
19123,sfr_1_4,unknown,30,34,3110,3445,0.00964630225080386,0.009869375907111757,false
19146,mixed_use_res,llc,124,124,467,467,0.26552462526766596,0.26552462526766596,false
19102,condo_unit,partnership,301,301,1739,1739,0.1730879815986199,0.1730879815986199,false
19154,sfr_1_4,partnership,5,6,10758,11186,0.0004647704034207102,0.0005363847666726265,false
19115,large_mf,trust,3,251,24,2008,0.125,0.125,false
19147,condo_unit,individual,1528,1528,1718,1718,0.889406286379511,0.889406286379511,false
19151,sfr_1_4,unknown,61,72,10451,11392,0.005836762032341403,0.006320224719101123,false
19131,mixed_use_res,unknown,7,7,291,291,0.024054982817869417,0.024054982817869417,false
19124,sfr_1_4,partnership,51,75,20135,21471,0.0025329029053886266,0.003493083694285315,false
19136,condo_unit,unknown,1,1,150,150,0.006666666666666667,0.006666666666666667,false
19104,mixed_use_res,corp,19,19,319,319,0.05956112852664577,0.05956112852664577,false
19127,small_mf,unknown,4,20,25,125,0.16,0.16,false
19139,large_mf,unknown,2,151,17,1161,0.11764705882352941,0.13006029285099052,false
19148,sfr_1_4,trust,201,216,19407,20486,0.01035708764878652,0.010543786000195255,false
19140,mixed_use_res,trust,9,9,698,698,0.012893982808022923,0.012893982808022923,false
19123,sfr_1_4,individual,2802,3061,3110,3445,0.9009646302250803,0.888534107402032,false
19132,small_mf,individual,11,55,59,295,0.1864406779661017,0.1864406779661017,false
19136,mixed_use_res,corp,6,6,117,117,0.05128205128205128,0.05128205128205128,false
19141,sfr_1_4,individual,7879,8650,8892,9928,0.8860773729194782,0.871273166800967,false
19147,small_mf,trust,8,40,238,1190,0.03361344537815126,0.03361344537815126,false
19139,small_mf,llc,69,345,151,755,0.45695364238410596,0.45695364238410596,false
19103,large_mf,individual,6,600,40,3559,0.15,0.1685866816521495,false
19140,small_mf,lender_reo,1,5,66,330,0.015151515151515152,0.015151515151515152,false
19122,large_mf,unknown,1,51,15,1010,0.06666666666666667,0.0504950495049505,false
19114,sfr_1_4,llc,156,239,8294,9343,0.018808777429467086,0.025580648613935567,false
19126,condo_unit,corp,15,15,78,78,0.19230769230769232,0.19230769230769232,false
19138,mixed_use_res,trust,2,2,206,206,0.009708737864077669,0.009708737864077669,false
19134,large_mf,individual,1,51,3,153,0.3333333333333333,0.3333333333333333,false
19123,small_mf,unknown,8,40,159,795,0.050314465408805034,0.050314465408805034,false
19111,condo_unit,llc,4,4,196,196,0.02040816326530612,0.02040816326530612,false
19102,large_mf,partnership,4,351,16,1306,0.25,0.26875957120980093,false
19140,sfr_1_4,estate,1,1,17860,19222,0.000055991041433370664,0.00005202372281760483,false
19154,sfr_1_4,lender_reo,9,10,10758,11186,0.0008365867261572784,0.0008939746111210441,false
19152,small_mf,individual,16,80,58,290,0.27586206896551724,0.27586206896551724,false
19115,condo_unit,individual,1751,1751,2005,2005,0.8733167082294264,0.8733167082294264,false
19123,large_mf,corp,65,6500,92,8416,0.7065217391304348,0.7723384030418251,false
19147,large_mf,llc,1,100,5,353,0.2,0.28328611898017,false
19134,large_mf,partnership,1,51,3,153,0.3333333333333333,0.3333333333333333,false
19107,sfr_1_4,llc,41,62,657,775,0.0624048706240487,0.08,false
19118,mixed_use_res,llc,22,22,102,102,0.21568627450980393,0.21568627450980393,false
19154,sfr_1_4,corp,18,19,10758,11186,0.0016731734523145567,0.0016985517611299839,false
19107,large_mf,corp,2,102,30,2412,0.06666666666666667,0.04228855721393035,false
19111,small_mf,trust,1,5,120,600,0.008333333333333333,0.008333333333333333,false
19121,condo_unit,corp,1,1,234,234,0.004273504273504274,0.004273504273504274,false
19111,sfr_1_4,corp,88,109,17892,20095,0.0049183992845964674,0.005424234884299577,false
19132,small_mf,partnership,2,10,59,295,0.03389830508474576,0.03389830508474576,false
19140,sfr_1_4,corp,276,318,17860,19222,0.015453527435610303,0.016543543855998336,false
19119,condo_unit,lender_reo,1,1,333,333,0.003003003003003003,0.003003003003003003,false
19124,sfr_1_4,trust,148,155,20135,21471,0.007350384901912093,0.007219039634856318,false
19152,condo_unit,corp,3,3,321,321,0.009345794392523364,0.009345794392523364,false
19125,mixed_use_res,individual,209,209,397,397,0.5264483627204031,0.5264483627204031,false
19128,condo_unit,llc,18,18,738,738,0.024390243902439025,0.024390243902439025,false
19143,sfr_1_4,unknown,294,322,22141,24041,0.013278533038254822,0.013393785616238925,false
19147,sfr_1_4,lender_reo,7,7,12346,13643,0.000566985258383282,0.000513083632632119,false
19134,mixed_use_res,llc,195,195,849,849,0.22968197879858657,0.22968197879858657,false
19153,mixed_use_res,individual,10,10,12,12,0.8333333333333334,0.8333333333333334,false
19106,condo_unit,partnership,65,65,4204,4204,0.015461465271170314,0.015461465271170314,false
19112,small_mf,individual,1,5,2,10,0.5,0.5,false
19152,small_mf,llc,21,105,58,290,0.3620689655172414,0.3620689655172414,false
19141,mixed_use_res,individual,259,259,338,338,0.7662721893491125,0.7662721893491125,false
19115,condo_unit,partnership,8,8,2005,2005,0.00399002493765586,0.00399002493765586,false
19119,large_mf,trust,1,100,13,810,0.07692307692307693,0.12345679012345678,false
19121,small_mf,llc,156,780,292,1460,0.5342465753424658,0.5342465753424658,false
19104,small_mf,llc,276,1380,721,3605,0.3828016643550624,0.3828016643550624,false
19118,sfr_1_4,trust,65,67,2402,2507,0.027060782681099085,0.02672516952532908,false
19104,large_mf,unknown,5,304,35,2618,0.14285714285714285,0.11611917494270435,false
19102,mixed_use_res,corp,2,2,19,19,0.10526315789473684,0.10526315789473684,false
19102,condo_unit,individual,1299,1299,1739,1739,0.7469810235767682,0.7469810235767682,false
19133,sfr_1_4,individual,6459,6675,7617,8044,0.8479716423788893,0.8298110392839383,false
19149,sfr_1_4,unknown,50,54,17699,18838,0.002825018362619357,0.0028665463424992037,false
19146,large_mf,llc,2,151,18,1114,0.1111111111111111,0.1355475763016158,false
19132,mixed_use_res,individual,358,358,525,525,0.6819047619047619,0.6819047619047619,false
19147,condo_unit,corp,8,8,1718,1718,0.004656577415599534,0.004656577415599534,false
19124,mixed_use_res,unknown,10,10,490,490,0.02040816326530612,0.02040816326530612,false
19111,condo_unit,unknown,3,3,196,196,0.015306122448979591,0.015306122448979591,false
19146,sfr_1_4,llc,1572,1813,15148,16282,0.10377607604964352,0.1113499570077386,false
19123,sfr_1_4,llc,204,259,3110,3445,0.06559485530546624,0.07518142235123368,false
19128,large_mf,partnership,5,353,21,1610,0.23809523809523808,0.21925465838509317,false
19151,mixed_use_res,corp,15,15,286,286,0.05244755244755245,0.05244755244755245,false
19145,mixed_use_res,unknown,12,12,618,618,0.019417475728155338,0.019417475728155338,false
19129,sfr_1_4,corp,17,20,3369,3547,0.0050460077174235675,0.00563856780377784,false
19152,condo_unit,unknown,5,5,321,321,0.01557632398753894,0.01557632398753894,false
19121,sfr_1_4,corp,183,232,9587,11327,0.01908834880567435,0.020482034077867042,false
19136,sfr_1_4,individual,9555,10201,10243,10999,0.9328321780728303,0.9274479498136194,false
19136,large_mf,unknown,2,102,6,404,0.3333333333333333,0.2524752475247525,false
19149,mixed_use_res,corp,7,7,268,268,0.026119402985074626,0.026119402985074626,false
19149,small_mf,llc,4,20,9,45,0.4444444444444444,0.4444444444444444,false
19139,mixed_use_res,llc,147,147,640,640,0.2296875,0.2296875,false
19142,sfr_1_4,corp,115,125,9781,10240,0.011757489009303752,0.01220703125,false
19148,sfr_1_4,llc,814,954,19407,20486,0.04194362858762302,0.04656838816752904,false
19126,large_mf,corp,1,51,9,508,0.1111111111111111,0.10039370078740158,false
19125,sfr_1_4,trust,88,90,9884,10240,0.008903278025091057,0.0087890625,false
19106,large_mf,individual,4,351,15,1108,0.26666666666666666,0.3167870036101083,false
19144,sfr_1_4,individual,9003,9856,10797,12037,0.8338427340928035,0.8188086732574562,false
19127,small_mf,partnership,6,30,25,125,0.24,0.24,false
19129,large_mf,partnership,3,300,7,602,0.42857142857142855,0.4983388704318937,false
19149,mixed_use_res,llc,49,49,268,268,0.1828358208955224,0.1828358208955224,false
19146,mixed_use_res,trust,9,9,467,467,0.019271948608137045,0.019271948608137045,false
19145,condo_unit,llc,4,4,124,124,0.03225806451612903,0.03225806451612903,false
19146,mixed_use_res,partnership,3,3,467,467,0.006423982869379015,0.006423982869379015,false
19118,mixed_use_res,unknown,1,1,102,102,0.00980392156862745,0.00980392156862745,false
19106,small_mf,llc,60,300,152,760,0.39473684210526316,0.39473684210526316,false
19103,condo_unit,individual,3879,3879,4529,4529,0.8564804592625304,0.8564804592625304,false
19102,small_mf,trust,2,10,69,345,0.028985507246376812,0.028985507246376812,false
19121,mixed_use_res,lender_reo,2,2,362,362,0.0055248618784530384,0.0055248618784530384,false
19127,sfr_1_4,lender_reo,1,1,2331,2492,0.000429000429000429,0.0004012841091492777,false
19107,large_mf,partnership,10,853,30,2412,0.3333333333333333,0.3536484245439469,false
19104,sfr_1_4,trust,114,141,7186,9080,0.01586418035068188,0.01552863436123348,false
19128,condo_unit,trust,8,8,738,738,0.01084010840108401,0.01084010840108401,false
19129,small_mf,unknown,2,10,25,125,0.08,0.08,false
19147,mixed_use_res,individual,595,595,966,966,0.6159420289855072,0.6159420289855072,false
19150,small_mf,unknown,2,10,12,60,0.16666666666666666,0.16666666666666666,false
19125,mixed_use_res,partnership,7,7,397,397,0.017632241813602016,0.017632241813602016,false
19134,sfr_1_4,corp,283,302,20815,21509,0.01359596444871487,0.014040634153145194,false
19122,mixed_use_res,partnership,6,6,189,189,0.031746031746031744,0.031746031746031744,false
19145,sfr_1_4,lender_reo,21,23,16786,17600,0.0012510425354462051,0.0013068181818181818,false
19149,large_mf,unknown,1,100,4,302,0.25,0.33112582781456956,false
19128,small_mf,corp,4,20,103,515,0.038834951456310676,0.038834951456310676,false
19130,condo_unit,corp,23,23,3563,3563,0.006455234353073253,0.006455234353073253,false
19148,mixed_use_res,lender_reo,1,1,784,784,0.0012755102040816326,0.0012755102040816326,false
19145,sfr_1_4,trust,245,261,16786,17600,0.014595496246872394,0.014829545454545455,false
19119,mixed_use_res,coop_corp,2,2,141,141,0.014184397163120567,0.014184397163120567,false
19142,sfr_1_4,unknown,111,118,9781,10240,0.01134853286984971,0.0115234375,false
19125,sfr_1_4,estate,1,1,9884,10240,0.00010117361392148928,0.00009765625,false
19136,small_mf,unknown,3,15,41,205,0.07317073170731707,0.07317073170731707,false
19149,sfr_1_4,individual,16622,17620,17699,18838,0.9391491044691791,0.9353434547191847,false
19147,mixed_use_res,partnership,30,30,966,966,0.031055900621118012,0.031055900621118012,false
19154,sfr_1_4,unknown,38,40,10758,11186,0.0035322550659973974,0.0035758984444841766,false
19114,sfr_1_4,corp,33,40,8294,9343,0.003978779840848806,0.004281280102750722,false
19141,sfr_1_4,estate,3,3,8892,9928,0.00033738191632928474,0.00030217566478646255,false
19139,small_mf,partnership,15,75,151,755,0.09933774834437085,0.09933774834437085,false
19146,large_mf,unknown,3,202,18,1114,0.16666666666666666,0.1813285457809695,false
19111,sfr_1_4,lender_reo,27,30,17892,20095,0.0015090543259557343,0.001492908683752177,false
19118,sfr_1_4,unknown,12,13,2402,2507,0.004995836802664446,0.005185480654168329,false
19143,mixed_use_res,trust,12,12,670,670,0.01791044776119403,0.01791044776119403,false
19116,condo_unit,llc,54,54,913,913,0.05914567360350493,0.05914567360350493,false
19132,mixed_use_res,llc,118,118,525,525,0.22476190476190477,0.22476190476190477,false
19127,mixed_use_res,individual,58,58,128,128,0.453125,0.453125,false
19134,large_mf,corp,1,51,3,153,0.3333333333333333,0.3333333333333333,false
19120,mixed_use_res,llc,82,82,636,636,0.1289308176100629,0.1289308176100629,false
19139,sfr_1_4,llc,2155,2610,13361,15113,0.16129032258064516,0.1726990008601866,false
19137,mixed_use_res,individual,49,49,74,74,0.6621621621621622,0.6621621621621622,false
19146,large_mf,individual,8,506,18,1114,0.4444444444444444,0.4542190305206463,false
19103,mixed_use_res,corp,16,16,176,176,0.09090909090909091,0.09090909090909091,false
19118,sfr_1_4,llc,49,69,2402,2507,0.020399666944213156,0.027522935779816515,false
19115,condo_unit,trust,29,29,2005,2005,0.014463840399002495,0.014463840399002495,false
19132,large_mf,corp,1,51,8,408,0.125,0.125,false
19140,mixed_use_res,individual,513,513,698,698,0.7349570200573066,0.7349570200573066,false
19143,small_mf,corp,6,30,224,1120,0.026785714285714284,0.026785714285714284,false
19146,small_mf,unknown,24,120,173,865,0.13872832369942195,0.13872832369942195,false
19126,small_mf,unknown,2,10,35,175,0.05714285714285714,0.05714285714285714,false
19146,sfr_1_4,lender_reo,14,16,15148,16282,0.0009242144177449168,0.000982680260410269,false
19132,sfr_1_4,individual,11140,11470,14506,15153,0.7679580863091134,0.7569458193097076,false
19103,large_mf,corp,5,500,40,3559,0.125,0.14048890137679124,false
19132,large_mf,partnership,3,153,8,408,0.375,0.375,false
19145,small_mf,individual,8,40,28,140,0.2857142857142857,0.2857142857142857,false
19140,sfr_1_4,llc,2187,2579,17860,19222,0.12245240761478164,0.13416918114660284,false
19141,sfr_1_4,unknown,53,61,8892,9928,0.005960413855150697,0.006144238517324738,false
19106,condo_unit,corp,6,6,4204,4204,0.0014272121788772598,0.0014272121788772598,false
19119,mixed_use_res,corp,4,4,141,141,0.028368794326241134,0.028368794326241134,false
19116,large_mf,partnership,3,251,16,1257,0.1875,0.19968178202068418,false
19126,sfr_1_4,unknown,19,23,4654,5023,0.0040825096691018475,0.004578936890304599,false
19124,mixed_use_res,trust,7,7,490,490,0.014285714285714285,0.014285714285714285,false
19154,large_mf,partnership,1,51,6,502,0.16666666666666666,0.10159362549800798,false
19135,large_mf,partnership,1,51,3,153,0.3333333333333333,0.3333333333333333,false
19106,small_mf,trust,3,15,152,760,0.019736842105263157,0.019736842105263157,false
19128,small_mf,trust,1,5,103,515,0.009708737864077669,0.009708737864077669,false
19127,large_mf,llc,1,100,3,202,0.3333333333333333,0.49504950495049505,false
19152,mixed_use_res,llc,24,24,117,117,0.20512820512820512,0.20512820512820512,false
19103,large_mf,trust,1,100,40,3559,0.025,0.028097780275358246,false
19128,sfr_1_4,trust,154,180,11962,12739,0.012874101320849356,0.014129837506868671,false
19140,sfr_1_4,trust,270,293,17860,19222,0.015117581187010079,0.015242950785558214,false
19144,mixed_use_res,corp,16,16,312,312,0.05128205128205128,0.05128205128205128,false
19143,condo_unit,individual,172,172,230,230,0.7478260869565218,0.7478260869565218,false
19104,sfr_1_4,corp,171,258,7186,9080,0.023796270526022824,0.02841409691629956,false
19128,large_mf,individual,5,500,21,1610,0.23809523809523808,0.3105590062111801,false
19131,mixed_use_res,partnership,1,1,291,291,0.003436426116838488,0.003436426116838488,false
19134,small_mf,partnership,3,15,85,425,0.03529411764705882,0.03529411764705882,false
19125,large_mf,unknown,1,51,6,306,0.16666666666666666,0.16666666666666666,false
19124,sfr_1_4,lender_reo,54,57,20135,21471,0.002681897193940899,0.0026547436076568395,false
19133,sfr_1_4,estate,1,1,7617,8044,0.0001312852829197847,0.00012431626056688214,false
19137,mixed_use_res,trust,2,2,74,74,0.02702702702702703,0.02702702702702703,false
19103,small_mf,partnership,66,330,438,2190,0.1506849315068493,0.1506849315068493,false
19148,small_mf,corp,2,10,44,220,0.045454545454545456,0.045454545454545456,false
19150,small_mf,partnership,2,10,12,60,0.16666666666666666,0.16666666666666666,false
"",small_mf,individual,1,5,1,5,,,true
19134,sfr_1_4,trust,161,178,20815,21509,0.0077348066298342545,0.008275605560463061,false
19106,sfr_1_4,llc,55,70,1000,1084,0.055,0.06457564575645756,false
19143,mixed_use_res,unknown,27,27,670,670,0.04029850746268657,0.04029850746268657,false
19129,small_mf,corp,2,10,25,125,0.08,0.08,false
19148,mixed_use_res,unknown,15,15,784,784,0.01913265306122449,0.01913265306122449,false
19143,small_mf,individual,107,535,224,1120,0.47767857142857145,0.47767857142857145,false
19130,condo_unit,individual,3191,3191,3563,3563,0.8955936008981196,0.8955936008981196,false
19144,condo_unit,lender_reo,1,1,23,23,0.043478260869565216,0.043478260869565216,false
19138,sfr_1_4,estate,1,1,11729,12271,0.00008525876033762469,0.00008149295085975064,false
19140,large_mf,corp,2,151,7,553,0.2857142857142857,0.2730560578661845,false
19130,condo_unit,unknown,35,35,3563,3563,0.009823182711198428,0.009823182711198428,false
19118,mixed_use_res,individual,31,31,102,102,0.30392156862745096,0.30392156862745096,false
19103,large_mf,coop_corp,1,100,40,3559,0.025,0.028097780275358246,false
19106,large_mf,lender_reo,1,51,15,1108,0.06666666666666667,0.046028880866425995,false
19116,condo_unit,individual,828,828,913,913,0.9069003285870756,0.9069003285870756,false
19133,sfr_1_4,unknown,114,137,7617,8044,0.014966522252855455,0.017031327697662853,false
19142,small_mf,llc,5,25,12,60,0.4166666666666667,0.4166666666666667,false
19148,sfr_1_4,corp,86,96,19407,20486,0.004431390735301695,0.004686127111197891,false
19119,mixed_use_res,llc,51,51,141,141,0.3617021276595745,0.3617021276595745,false
19122,mixed_use_res,unknown,5,5,189,189,0.026455026455026454,0.026455026455026454,false
19119,sfr_1_4,unknown,33,38,8741,9145,0.003775311749227777,0.004155276107162383,false
19122,mixed_use_res,trust,1,1,189,189,0.005291005291005291,0.005291005291005291,false
19130,small_mf,corp,14,70,407,2035,0.0343980343980344,0.0343980343980344,false
19107,small_mf,partnership,33,165,289,1445,0.11418685121107267,0.11418685121107267,false
19127,sfr_1_4,llc,166,193,2331,2492,0.07121407121407121,0.0774478330658106,false
19138,large_mf,partnership,2,102,4,204,0.5,0.5,false
19147,large_mf,unknown,1,51,5,353,0.2,0.14447592067988668,false
19127,mixed_use_res,corp,5,5,128,128,0.0390625,0.0390625,false
19116,mixed_use_res,individual,6,6,9,9,,,true
19103,large_mf,unknown,11,855,40,3559,0.275,0.24023602135431302,false
19129,condo_unit,llc,13,13,423,423,0.030732860520094562,0.030732860520094562,false
19103,condo_unit,unknown,54,54,4529,4529,0.011923161845882093,0.011923161845882093,false
19131,mixed_use_res,trust,6,6,291,291,0.020618556701030927,0.020618556701030927,false
19143,large_mf,unknown,2,102,13,712,0.15384615384615385,0.14325842696629212,false
19120,sfr_1_4,individual,18541,19698,19962,21330,0.9288147480212403,0.9234880450070323,false
19131,sfr_1_4,lender_reo,38,41,12317,13718,0.0030851668425753024,0.002988773873742528,false
19103,condo_unit,trust,225,225,4529,4529,0.049679841024508724,0.049679841024508724,false
19126,small_mf,corp,2,10,35,175,0.05714285714285714,0.05714285714285714,false
19136,sfr_1_4,lender_reo,13,16,10243,10999,0.001269159425949429,0.001454677697972543,false
19152,mixed_use_res,individual,79,79,117,117,0.6752136752136753,0.6752136752136753,false
19133,mixed_use_res,individual,343,343,490,490,0.7,0.7,false
19104,condo_unit,individual,70,70,84,84,0.8333333333333334,0.8333333333333334,false
19109,small_mf,partnership,2,10,2,10,1.0,1.0,false
19128,condo_unit,unknown,1,1,738,738,0.0013550135501355014,0.0013550135501355014,false
19143,mixed_use_res,corp,31,31,670,670,0.04626865671641791,0.04626865671641791,false
19119,small_mf,llc,45,225,91,455,0.4945054945054945,0.4945054945054945,false
19114,condo_unit,lender_reo,5,5,1584,1584,0.0031565656565656565,0.0031565656565656565,false
19128,mixed_use_res,corp,8,8,147,147,0.05442176870748299,0.05442176870748299,false
19152,sfr_1_4,individual,9250,9990,9564,10390,0.9671685487243831,0.9615014436958614,false
19131,mixed_use_res,corp,20,20,291,291,0.06872852233676977,0.06872852233676977,false
19145,sfr_1_4,individual,15076,15704,16786,17600,0.8981293935422375,0.8922727272727272,false
19120,mixed_use_res,corp,22,22,636,636,0.03459119496855346,0.03459119496855346,false
19130,sfr_1_4,llc,346,525,5723,6639,0.06045780185217543,0.07907817442385902,false
19104,condo_unit,partnership,1,1,84,84,0.011904761904761904,0.011904761904761904,false
19126,mixed_use_res,corp,4,4,74,74,0.05405405405405406,0.05405405405405406,false
19111,condo_unit,individual,179,179,196,196,0.9132653061224489,0.9132653061224489,false
19145,small_mf,llc,9,45,28,140,0.32142857142857145,0.32142857142857145,false
19103,mixed_use_res,individual,77,77,176,176,0.4375,0.4375,false
19102,mixed_use_res,partnership,2,2,19,19,0.10526315789473684,0.10526315789473684,false
19145,large_mf,partnership,3,153,9,606,0.3333333333333333,0.2524752475247525,false
19149,large_mf,corp,1,100,4,302,0.25,0.33112582781456956,false
19106,sfr_1_4,unknown,15,19,1000,1084,0.015,0.017527675276752766,false
19144,sfr_1_4,unknown,111,132,10797,12037,0.010280633509308142,0.010966187588269503,false
19138,sfr_1_4,trust,143,152,11729,12271,0.01219200272828033,0.012386928530682096,false
19121,small_mf,individual,61,305,292,1460,0.2089041095890411,0.2089041095890411,false
19142,sfr_1_4,individual,7917,8244,9781,10240,0.8094264390144157,0.805078125,false
19150,sfr_1_4,unknown,39,42,8910,9717,0.004377104377104377,0.0043223217042297,false
19114,condo_unit,corp,1,1,1584,1584,0.0006313131313131314,0.0006313131313131314,false
19104,small_mf,trust,24,120,721,3605,0.033287101248266296,0.033287101248266296,false
19130,condo_unit,llc,204,204,3563,3563,0.05725512208812798,0.05725512208812798,false
19138,large_mf,individual,2,102,4,204,0.5,0.5,false
19141,sfr_1_4,corp,74,92,8892,9928,0.008322087269455691,0.009266720386784852,false
19136,sfr_1_4,unknown,40,44,10243,10999,0.003905105925998243,0.004000363669424493,false
19135,small_mf,corp,3,15,47,235,0.06382978723404255,0.06382978723404255,false
19103,condo_unit,llc,241,241,4529,4529,0.053212629719584896,0.053212629719584896,false
19124,mixed_use_res,llc,94,94,490,490,0.19183673469387755,0.19183673469387755,false
19139,small_mf,trust,3,15,151,755,0.019867549668874173,0.019867549668874173,false
19127,condo_unit,llc,4,4,258,258,0.015503875968992248,0.015503875968992248,false
19116,large_mf,corp,3,202,16,1257,0.1875,0.16070007955449483,false
19121,condo_unit,lender_reo,3,3,234,234,0.01282051282051282,0.01282051282051282,false
19116,condo_unit,corp,4,4,913,913,0.004381161007667032,0.004381161007667032,false
19137,mixed_use_res,unknown,7,7,74,74,0.0945945945945946,0.0945945945945946,false
19144,sfr_1_4,lender_reo,30,33,10797,12037,0.0027785495971103086,0.0027415468970673758,false
19130,mixed_use_res,unknown,11,11,265,265,0.04150943396226415,0.04150943396226415,false
19134,mixed_use_res,trust,2,2,849,849,0.002355712603062426,0.002355712603062426,false
19111,mixed_use_res,unknown,4,4,245,245,0.0163265306122449,0.0163265306122449,false
19150,large_mf,partnership,2,102,6,306,0.3333333333333333,0.3333333333333333,false
19153,small_mf,unknown,1,5,2,10,0.5,0.5,false
19111,sfr_1_4,individual,16907,18695,17892,20095,0.9449474625530964,0.930330928091565,false
19132,small_mf,llc,34,170,59,295,0.576271186440678,0.576271186440678,false
19126,sfr_1_4,llc,167,205,4654,5023,0.03588311130210572,0.04081226358749751,false
19133,sfr_1_4,partnership,16,24,7617,8044,0.002100564526716555,0.0029835902536051715,false
19137,sfr_1_4,lender_reo,10,10,3257,3338,0.003070310101320233,0.0029958058717795086,false
19107,condo_unit,llc,97,97,2512,2512,0.03861464968152866,0.03861464968152866,false
19132,sfr_1_4,trust,260,267,14506,15153,0.017923617813318627,0.017620273213225103,false
19123,large_mf,partnership,7,455,92,8416,0.07608695652173914,0.05406368821292776,false
19107,condo_unit,individual,2297,2297,2512,2512,0.9144108280254777,0.9144108280254777,false
19127,sfr_1_4,individual,2085,2207,2331,2492,0.8944658944658944,0.8856340288924559,false
19119,large_mf,llc,3,153,13,810,0.23076923076923078,0.18888888888888888,false
19139,sfr_1_4,unknown,211,246,13361,15113,0.015792231120425118,0.016277377092569312,false
19118,condo_unit,partnership,1,1,140,140,0.007142857142857143,0.007142857142857143,false
19121,sfr_1_4,estate,2,2,9587,11327,0.00020861583394179617,0.00017656925929195727,false
19147,sfr_1_4,individual,11342,12320,12346,13643,0.9186781143690264,0.9030271934325295,false
19152,large_mf,llc,4,204,20,1216,0.2,0.16776315789473684,false
19126,sfr_1_4,individual,4367,4675,4654,5023,0.9383326171035669,0.9307186940075652,false
19136,small_mf,trust,1,5,41,205,0.024390243902439025,0.024390243902439025,false
19147,condo_unit,llc,66,66,1718,1718,0.03841676367869616,0.03841676367869616,false
19119,small_mf,individual,27,135,91,455,0.2967032967032967,0.2967032967032967,false
19135,small_mf,individual,14,70,47,235,0.2978723404255319,0.2978723404255319,false
19146,condo_unit,partnership,189,189,2004,2004,0.09431137724550898,0.09431137724550898,false
19126,sfr_1_4,corp,23,29,4654,5023,0.004941985388912763,0.0057734421660362335,false
19133,small_mf,unknown,4,20,55,275,0.07272727272727272,0.07272727272727272,false
19147,condo_unit,unknown,66,66,1718,1718,0.03841676367869616,0.03841676367869616,false
19120,small_mf,individual,11,55,27,135,0.4074074074074074,0.4074074074074074,false
19137,sfr_1_4,partnership,3,4,3257,3338,0.00092109303039607,0.0011983223487118035,false
19146,sfr_1_4,unknown,192,242,15148,16282,0.012674940586216002,0.014863038938705319,false
19116,large_mf,individual,3,251,16,1257,0.1875,0.19968178202068418,false
19102,large_mf,unknown,2,151,16,1306,0.125,0.11562021439509954,false
19146,condo_unit,lender_reo,4,4,2004,2004,0.001996007984031936,0.001996007984031936,false
19107,small_mf,llc,111,555,289,1445,0.38408304498269896,0.38408304498269896,false
19111,small_mf,corp,14,70,120,600,0.11666666666666667,0.11666666666666667,false
19104,small_mf,partnership,44,220,721,3605,0.06102635228848821,0.06102635228848821,false
19140,mixed_use_res,unknown,6,6,698,698,0.008595988538681949,0.008595988538681949,false
19131,condo_unit,estate,1,1,734,734,0.0013623978201634877,0.0013623978201634877,false
19122,mixed_use_res,corp,10,10,189,189,0.05291005291005291,0.05291005291005291,false
19134,small_mf,trust,1,5,85,425,0.011764705882352941,0.011764705882352941,false
19150,sfr_1_4,llc,237,304,8910,9717,0.0265993265993266,0.03128537614490069,false
19142,mixed_use_res,unknown,5,5,364,364,0.013736263736263736,0.013736263736263736,false
19124,sfr_1_4,estate,2,3,20135,21471,0.00009932952570151477,0.0001397233477714126,false
19150,large_mf,individual,1,51,6,306,0.16666666666666666,0.16666666666666666,false
19133,small_mf,partnership,11,55,55,275,0.2,0.2,false
19133,large_mf,partnership,1,51,4,204,0.25,0.25,false
19122,sfr_1_4,trust,42,46,4651,5043,0.009030316061062138,0.009121554630180448,false
19148,mixed_use_res,partnership,15,15,784,784,0.01913265306122449,0.01913265306122449,false
19146,condo_unit,individual,1639,1639,2004,2004,0.8178642714570858,0.8178642714570858,false
19126,small_mf,llc,16,80,35,175,0.45714285714285713,0.45714285714285713,false
19115,sfr_1_4,estate,2,2,8056,8530,0.00024826216484607745,0.00023446658851113716,false
19125,small_mf,corp,7,35,196,980,0.03571428571428571,0.03571428571428571,false
19153,mixed_use_res,llc,2,2,12,12,0.16666666666666666,0.16666666666666666,false
19151,mixed_use_res,trust,7,7,286,286,0.024475524475524476,0.024475524475524476,false
19138,small_mf,partnership,1,5,22,110,0.045454545454545456,0.045454545454545456,false
19119,large_mf,individual,2,151,13,810,0.15384615384615385,0.18641975308641975,false
19111,large_mf,individual,3,202,23,1467,0.13043478260869565,0.13769597818677573,false
19131,mixed_use_res,individual,191,191,291,291,0.6563573883161512,0.6563573883161512,false
19149,large_mf,partnership,2,102,4,302,0.5,0.33774834437086093,false
19119,mixed_use_res,individual,68,68,141,141,0.48226950354609927,0.48226950354609927,false
19150,small_mf,corp,2,10,12,60,0.16666666666666666,0.16666666666666666,false
19148,mixed_use_res,corp,19,19,784,784,0.02423469387755102,0.02423469387755102,false
19102,small_mf,llc,28,140,69,345,0.4057971014492754,0.4057971014492754,false
19131,sfr_1_4,unknown,118,133,12317,13718,0.009580254932207518,0.009695290858725761,false
19146,sfr_1_4,corp,112,137,15148,16282,0.0073937153419593345,0.008414199729762928,false
19103,sfr_1_4,individual,1327,1434,1520,1660,0.8730263157894737,0.863855421686747,false
19118,small_mf,individual,8,40,24,120,0.3333333333333333,0.3333333333333333,false
19106,condo_unit,lender_reo,3,3,4204,4204,0.0007136060894386299,0.0007136060894386299,false
19145,small_mf,corp,1,5,28,140,0.03571428571428571,0.03571428571428571,false
19136,sfr_1_4,llc,497,585,10243,10999,0.04852094113052816,0.0531866533321211,false
19148,small_mf,unknown,4,20,44,220,0.09090909090909091,0.09090909090909091,false
19145,small_mf,partnership,4,20,28,140,0.14285714285714285,0.14285714285714285,false
19151,large_mf,corp,1,100,8,506,0.125,0.1976284584980237,false
19143,large_mf,individual,3,153,13,712,0.23076923076923078,0.2148876404494382,false
19134,small_mf,corp,6,30,85,425,0.07058823529411765,0.07058823529411765,false
19124,sfr_1_4,unknown,191,206,20135,21471,0.009485969704494661,0.009594336546970332,false
19139,small_mf,corp,14,70,151,755,0.09271523178807947,0.09271523178807947,false
19126,sfr_1_4,lender_reo,9,9,4654,5023,0.0019338203695745595,0.0017917579135974518,false
19145,mixed_use_res,lender_reo,1,1,618,618,0.0016181229773462784,0.0016181229773462784,false
19128,sfr_1_4,individual,11362,12004,11962,12739,0.9498411636850025,0.9423031635136196,false
19129,large_mf,individual,3,251,7,602,0.42857142857142855,0.4169435215946844,false
19147,large_mf,individual,2,102,5,353,0.4,0.28895184135977336,false
19118,large_mf,corp,1,51,8,702,0.125,0.07264957264957266,false
19129,mixed_use_res,partnership,2,2,52,52,0.038461538461538464,0.038461538461538464,false
19139,large_mf,partnership,1,51,17,1161,0.058823529411764705,0.04392764857881137,false
19129,mixed_use_res,individual,30,30,52,52,0.5769230769230769,0.5769230769230769,false
19126,condo_unit,individual,11,11,78,78,0.14102564102564102,0.14102564102564102,false
19121,sfr_1_4,llc,2014,2761,9587,11327,0.21007614477938877,0.24375386245254702,false
19120,sfr_1_4,unknown,116,138,19962,21330,0.00581104097785793,0.006469760900140647,false
19148,sfr_1_4,unknown,118,152,19407,20486,0.006080280311227908,0.007419701259396661,false
19139,large_mf,individual,5,304,17,1161,0.29411764705882354,0.26184323858742464,false
19106,mixed_use_res,unknown,18,18,164,164,0.10975609756097561,0.10975609756097561,false
19114,mixed_use_res,individual,5,5,10,10,0.5,0.5,false
19128,small_mf,unknown,9,45,103,515,0.08737864077669903,0.08737864077669903,false
19115,small_mf,trust,3,15,21,105,0.14285714285714285,0.14285714285714285,false
19129,small_mf,individual,5,25,25,125,0.2,0.2,false
19147,sfr_1_4,estate,2,2,12346,13643,0.00016199578810950914,0.00014659532360917688,false
19123,small_mf,llc,82,410,159,795,0.5157232704402516,0.5157232704402516,false
19107,mixed_use_res,estate,1,1,291,291,0.003436426116838488,0.003436426116838488,false
19121,mixed_use_res,trust,2,2,362,362,0.0055248618784530384,0.0055248618784530384,false
19141,sfr_1_4,lender_reo,36,41,8892,9928,0.004048582995951417,0.004129734085414988,false
19125,large_mf,partnership,3,153,6,306,0.5,0.5,false
19140,large_mf,individual,5,402,7,553,0.7142857142857143,0.7269439421338155,false
19130,sfr_1_4,unknown,77,115,5723,6639,0.013454481915079504,0.01732188582617864,false
19124,sfr_1_4,individual,17876,18871,20135,21471,0.887807300720139,0.8789064319314424,false
19120,mixed_use_res,trust,5,5,636,636,0.007861635220125786,0.007861635220125786,false
19130,condo_unit,trust,92,92,3563,3563,0.02582093741229301,0.02582093741229301,false
19128,large_mf,corp,3,202,21,1610,0.14285714285714285,0.12546583850931678,false
19119,sfr_1_4,corp,55,60,8741,9145,0.006292186248712962,0.0065609622744669215,false
19129,sfr_1_4,unknown,30,35,3369,3547,0.008904719501335707,0.00986749365661122,false
19106,mixed_use_res,trust,7,7,164,164,0.042682926829268296,0.042682926829268296,false
19125,sfr_1_4,corp,59,70,9884,10240,0.0059692432213678676,0.0068359375,false
19103,condo_unit,partnership,101,101,4529,4529,0.022300728637668358,0.022300728637668358,false
19123,large_mf,individual,6,551,92,8416,0.06521739130434782,0.06547053231939164,false
19142,mixed_use_res,corp,13,13,364,364,0.03571428571428571,0.03571428571428571,false
19151,mixed_use_res,llc,47,47,286,286,0.16433566433566432,0.16433566433566432,false
19114,small_mf,individual,5,25,8,40,0.625,0.625,false
19102,sfr_1_4,trust,2,3,88,108,0.022727272727272728,0.027777777777777776,false
19127,small_mf,llc,10,50,25,125,0.4,0.4,false
19146,mixed_use_res,unknown,16,16,467,467,0.034261241970021415,0.034261241970021415,false
19126,sfr_1_4,partnership,9,15,4654,5023,0.0019338203695745595,0.002986263189329086,false
19138,mixed_use_res,individual,144,144,206,206,0.6990291262135923,0.6990291262135923,false
19150,large_mf,unknown,3,153,6,306,0.5,0.5,false
19134,mixed_use_res,individual,576,576,849,849,0.6784452296819788,0.6784452296819788,false
19135,mixed_use_res,llc,74,74,331,331,0.22356495468277945,0.22356495468277945,false
19136,sfr_1_4,estate,2,2,10243,10999,0.00019525529629991212,0.00018183471224656787,false
19143,mixed_use_res,partnership,8,8,670,670,0.011940298507462687,0.011940298507462687,false
19121,mixed_use_res,unknown,18,18,362,362,0.049723756906077346,0.049723756906077346,false
19152,sfr_1_4,estate,1,1,9564,10390,0.00010455876202425763,0.00009624639076034648,false
19138,sfr_1_4,corp,130,134,11729,12271,0.01108363884389121,0.010920055415206584,false
19107,sfr_1_4,unknown,9,15,657,775,0.0136986301369863,0.01935483870967742,false
19114,sfr_1_4,individual,7988,8918,8294,9343,0.9631058596575838,0.9545113989082735,false
19146,small_mf,trust,4,20,173,865,0.023121387283236993,0.023121387283236993,false
19115,large_mf,llc,6,600,24,2008,0.25,0.29880478087649404,false
19124,small_mf,corp,4,20,97,485,0.041237113402061855,0.041237113402061855,false
19102,mixed_use_res,lender_reo,1,1,19,19,0.05263157894736842,0.05263157894736842,false
19129,sfr_1_4,llc,231,273,3369,3547,0.06856634016028496,0.07696645052156752,false
19106,small_mf,individual,36,180,152,760,0.23684210526315788,0.23684210526315788,false
19118,small_mf,corp,8,40,24,120,0.3333333333333333,0.3333333333333333,false
19130,small_mf,partnership,52,260,407,2035,0.12776412776412777,0.12776412776412777,false
19153,large_mf,partnership,2,151,9,802,0.2222222222222222,0.1882793017456359,false
19152,condo_unit,partnership,2,2,321,321,0.006230529595015576,0.006230529595015576,false
19129,sfr_1_4,partnership,8,10,3369,3547,0.0023745918670228555,0.00281928390188892,false
19152,sfr_1_4,lender_reo,12,13,9564,10390,0.0012547051442910915,0.0012512030798845044,false
19144,small_mf,unknown,22,110,185,925,0.11891891891891893,0.11891891891891893,false
19137,sfr_1_4,trust,18,18,3257,3338,0.00552655818237642,0.005392450569203115,false
19130,small_mf,unknown,27,135,407,2035,0.06633906633906633,0.06633906633906633,false
19107,sfr_1_4,individual,565,648,657,775,0.8599695585996956,0.8361290322580646,false
19137,small_mf,individual,3,15,7,35,0.42857142857142855,0.42857142857142855,false
19104,sfr_1_4,partnership,174,217,7186,9080,0.024213748956303925,0.023898678414096916,false
19118,mixed_use_res,corp,41,41,102,102,0.4019607843137255,0.4019607843137255,false
19127,mixed_use_res,partnership,6,6,128,128,0.046875,0.046875,false
19147,condo_unit,trust,44,44,1718,1718,0.025611175785797437,0.025611175785797437,false
19135,sfr_1_4,individual,9913,10612,10952,11787,0.9051314828341855,0.9003139051497412,false
19136,condo_unit,llc,23,23,150,150,0.15333333333333332,0.15333333333333332,false
19150,mixed_use_res,trust,3,3,52,52,0.057692307692307696,0.057692307692307696,false
19151,condo_unit,individual,18,18,41,41,0.43902439024390244,0.43902439024390244,false
19153,sfr_1_4,individual,3430,3610,3730,3931,0.9195710455764075,0.9183413889595523,false
19107,condo_unit,corp,7,7,2512,2512,0.002786624203821656,0.002786624203821656,false
19153,sfr_1_4,partnership,8,8,3730,3931,0.0021447721179624667,0.002035105571101501,false
19139,mixed_use_res,corp,27,27,640,640,0.0421875,0.0421875,false
19119,mixed_use_res,unknown,9,9,141,141,0.06382978723404255,0.06382978723404255,false
19125,condo_unit,unknown,8,8,539,539,0.014842300556586271,0.014842300556586271,false
19154,large_mf,individual,1,51,6,502,0.16666666666666666,0.10159362549800798,false
19124,mixed_use_res,individual,350,350,490,490,0.7142857142857143,0.7142857142857143,false
19103,small_mf,llc,122,610,438,2190,0.2785388127853881,0.2785388127853881,false
19107,small_mf,individual,93,465,289,1445,0.3217993079584775,0.3217993079584775,false
19134,mixed_use_res,corp,61,61,849,849,0.071849234393404,0.071849234393404,false
19147,condo_unit,lender_reo,4,4,1718,1718,0.002328288707799767,0.002328288707799767,false
19138,mixed_use_res,llc,44,44,206,206,0.21359223300970873,0.21359223300970873,false
19125,sfr_1_4,unknown,87,94,9884,10240,0.008802104411169567,0.0091796875,false
19112,sfr_1_4,llc,1,1,1,1,,,true
19148,small_mf,llc,14,70,44,220,0.3181818181818182,0.3181818181818182,false
19102,sfr_1_4,individual,53,64,88,108,0.6022727272727273,0.5925925925925926,false
19139,large_mf,corp,2,102,17,1161,0.11764705882352941,0.08785529715762273,false
19147,sfr_1_4,partnership,64,96,12346,13643,0.0051838652195042925,0.00703657553324049,false
19102,small_mf,individual,15,75,69,345,0.21739130434782608,0.21739130434782608,false
19131,condo_unit,individual,692,692,734,734,0.9427792915531336,0.9427792915531336,false
19115,large_mf,partnership,8,653,24,2008,0.3333333333333333,0.325199203187251,false
19136,sfr_1_4,partnership,6,8,10243,10999,0.0005857658888997364,0.0007273388489862715,false
19103,large_mf,partnership,10,853,40,3559,0.25,0.23967406574880584,false
19125,small_mf,partnership,5,25,196,980,0.025510204081632654,0.025510204081632654,false
19137,small_mf,llc,2,10,7,35,0.2857142857142857,0.2857142857142857,false
19119,mixed_use_res,trust,4,4,141,141,0.028368794326241134,0.028368794326241134,false
19131,large_mf,llc,12,1102,28,2408,0.42857142857142855,0.457641196013289,false
19152,sfr_1_4,corp,37,48,9564,10390,0.0038686741948975325,0.0046198267564966315,false
19126,large_mf,partnership,2,102,9,508,0.2222222222222222,0.20078740157480315,false
19102,small_mf,unknown,8,40,69,345,0.11594202898550725,0.11594202898550725,false
19150,sfr_1_4,corp,29,32,8910,9717,0.0032547699214365883,0.0032931974889369147,false
19106,small_mf,partnership,26,130,152,760,0.17105263157894737,0.17105263157894737,false
19140,small_mf,corp,4,20,66,330,0.06060606060606061,0.06060606060606061,false
19151,mixed_use_res,individual,206,206,286,286,0.7202797202797203,0.7202797202797203,false
19114,sfr_1_4,partnership,19,31,8294,9343,0.002290812635640222,0.00331799207963181,false
19121,large_mf,unknown,4,253,16,1012,0.25,0.25,false
19123,mixed_use_res,llc,83,83,290,290,0.28620689655172415,0.28620689655172415,false
19152,mixed_use_res,unknown,7,7,117,117,0.05982905982905983,0.05982905982905983,false
19111,small_mf,llc,58,290,120,600,0.48333333333333334,0.48333333333333334,false
19115,sfr_1_4,lender_reo,4,4,8056,8530,0.0004965243296921549,0.0004689331770222743,false
19147,mixed_use_res,lender_reo,1,1,966,966,0.0010351966873706005,0.0010351966873706005,false
19115,small_mf,individual,4,20,21,105,0.19047619047619047,0.19047619047619047,false
19151,small_mf,partnership,3,15,45,225,0.06666666666666667,0.06666666666666667,false
19154,condo_unit,trust,4,4,444,444,0.009009009009009009,0.009009009009009009,false
"",condo_unit,individual,4,4,5,5,,,true
19115,sfr_1_4,trust,88,94,8056,8530,0.010923535253227408,0.011019929660023447,false
19115,mixed_use_res,individual,6,6,10,10,0.6,0.6,false
19126,large_mf,individual,3,202,9,508,0.3333333333333333,0.39763779527559057,false
19147,sfr_1_4,unknown,178,238,12346,13643,0.014417625141746314,0.017444843509492047,false
19124,large_mf,llc,2,102,7,455,0.2857142857142857,0.22417582417582418,false
19120,sfr_1_4,partnership,26,26,19962,21330,0.001302474701933674,0.0012189404594467885,false
19145,sfr_1_4,unknown,137,155,16786,17600,0.008161563207434767,0.008806818181818181,false
19123,sfr_1_4,trust,45,50,3110,3445,0.014469453376205787,0.01451378809869376,false
19125,small_mf,unknown,28,140,196,980,0.14285714285714285,0.14285714285714285,false
19104,small_mf,individual,232,1160,721,3605,0.3217753120665742,0.3217753120665742,false
19132,sfr_1_4,lender_reo,44,48,14506,15153,0.003033227629946229,0.0031676895664224905,false
19129,mixed_use_res,unknown,3,3,52,52,0.057692307692307696,0.057692307692307696,false
19106,condo_unit,llc,112,112,4204,4204,0.02664129400570885,0.02664129400570885,false
19142,sfr_1_4,llc,1447,1549,9781,10240,0.14793988344750025,0.15126953125,false
19104,small_mf,corp,66,330,721,3605,0.09153952843273232,0.09153952843273232,false
19119,condo_unit,unknown,2,2,333,333,0.006006006006006006,0.006006006006006006,false
19151,small_mf,unknown,2,10,45,225,0.044444444444444446,0.044444444444444446,false
19111,small_mf,partnership,3,15,120,600,0.025,0.025,false
19104,sfr_1_4,unknown,209,299,7186,9080,0.029084330642916784,0.032929515418502205,false
19123,sfr_1_4,lender_reo,1,1,3110,3445,0.0003215434083601286,0.00029027576197387516,false
19143,small_mf,unknown,17,85,224,1120,0.07589285714285714,0.07589285714285714,false
19122,small_mf,corp,3,15,232,1160,0.01293103448275862,0.01293103448275862,false
19148,mixed_use_res,llc,140,140,784,784,0.17857142857142858,0.17857142857142858,false
19135,mixed_use_res,unknown,10,10,331,331,0.030211480362537766,0.030211480362537766,false
19106,sfr_1_4,trust,39,40,1000,1084,0.039,0.03690036900369004,false
19129,sfr_1_4,lender_reo,1,2,3369,3547,0.00029682398337785694,0.000563856780377784,false
19123,mixed_use_res,unknown,16,16,290,290,0.05517241379310345,0.05517241379310345,false
19116,small_mf,llc,3,15,10,50,0.3,0.3,false
19102,sfr_1_4,lender_reo,10,10,88,108,0.11363636363636363,0.09259259259259259,false
19116,condo_unit,unknown,3,3,913,913,0.0032858707557502738,0.0032858707557502738,false
19107,mixed_use_res,unknown,21,21,291,291,0.07216494845360824,0.07216494845360824,false
19142,sfr_1_4,lender_reo,36,39,9781,10240,0.003680605255086392,0.00380859375,false
19141,small_mf,corp,1,5,69,345,0.014492753623188406,0.014492753623188406,false
19102,mixed_use_res,individual,7,7,19,19,0.3684210526315789,0.3684210526315789,false
19137,sfr_1_4,individual,3044,3109,3257,3338,0.934602394841879,0.9313960455362492,false
19115,large_mf,unknown,3,202,24,2008,0.125,0.10059760956175298,false
19135,sfr_1_4,corp,69,75,10952,11787,0.006300219138056976,0.006362942224484602,false
19143,sfr_1_4,partnership,149,177,22141,24041,0.0067295966758502326,0.0073624225281810245,false
19127,small_mf,individual,5,25,25,125,0.2,0.2,false
19136,small_mf,corp,5,25,41,205,0.12195121951219512,0.12195121951219512,false
19122,small_mf,llc,95,475,232,1160,0.40948275862068967,0.40948275862068967,false
19147,large_mf,corp,1,100,5,353,0.2,0.28328611898017,false
19146,small_mf,partnership,20,100,173,865,0.11560693641618497,0.11560693641618497,false
19130,sfr_1_4,lender_reo,3,4,5723,6639,0.0005242005940940067,0.0006025003765627354,false
19106,sfr_1_4,lender_reo,1,1,1000,1084,0.001,0.0009225092250922509,false
19128,mixed_use_res,unknown,5,5,147,147,0.034013605442176874,0.034013605442176874,false
19106,small_mf,corp,6,30,152,760,0.039473684210526314,0.039473684210526314,false
19139,large_mf,llc,7,553,17,1161,0.4117647058823529,0.4763135228251507,false
19130,condo_unit,partnership,14,14,3563,3563,0.003929273084479371,0.003929273084479371,false
19138,small_mf,unknown,2,10,22,110,0.09090909090909091,0.09090909090909091,false
19148,mixed_use_res,individual,575,575,784,784,0.7334183673469388,0.7334183673469388,false
19146,condo_unit,corp,13,13,2004,2004,0.006487025948103792,0.006487025948103792,false
19148,large_mf,individual,1,51,2,151,0.5,0.33774834437086093,false
19123,small_mf,corp,8,40,159,795,0.050314465408805034,0.050314465408805034,false
19127,condo_unit,trust,1,1,258,258,0.003875968992248062,0.003875968992248062,false
19140,small_mf,unknown,4,20,66,330,0.06060606060606061,0.06060606060606061,false
19136,small_mf,individual,5,25,41,205,0.12195121951219512,0.12195121951219512,false
19119,small_mf,unknown,6,30,91,455,0.06593406593406594,0.06593406593406594,false
19132,sfr_1_4,corp,199,220,14506,15153,0.013718461326347717,0.014518577179436415,false
19103,sfr_1_4,corp,4,4,1520,1660,0.002631578947368421,0.0024096385542168677,false
19145,mixed_use_res,trust,14,14,618,618,0.022653721682847898,0.022653721682847898,false
19137,sfr_1_4,corp,13,16,3257,3338,0.003991403131716303,0.004793289394847214,false
19145,small_mf,unknown,6,30,28,140,0.21428571428571427,0.21428571428571427,false
19107,small_mf,unknown,39,195,289,1445,0.13494809688581316,0.13494809688581316,false
19140,small_mf,partnership,6,30,66,330,0.09090909090909091,0.09090909090909091,false
19130,sfr_1_4,individual,5076,5694,5723,6639,0.8869474052070593,0.8576592860370538,false
19153,sfr_1_4,lender_reo,6,6,3730,3931,0.0016085790884718498,0.0015263291783261257,false
19131,sfr_1_4,corp,147,177,12317,13718,0.011934724364699197,0.012902755503717743,false
19103,mixed_use_res,llc,53,53,176,176,0.30113636363636365,0.30113636363636365,false
19154,sfr_1_4,trust,79,86,10758,11186,0.007343372374047221,0.0076881816556409795,false
19122,sfr_1_4,unknown,52,67,4651,5043,0.011180391313695979,0.013285742613523697,false
19106,mixed_use_res,corp,7,7,164,164,0.042682926829268296,0.042682926829268296,false
19152,sfr_1_4,partnership,2,2,9564,10390,0.00020911752404851526,0.00019249278152069297,false
19136,large_mf,llc,3,202,6,404,0.5,0.5,false
19115,sfr_1_4,individual,7792,8197,8056,8530,0.9672293942403177,0.9609613130128957,false
19142,sfr_1_4,trust,80,86,9781,10240,0.00817912278908087,0.0083984375,false
19129,condo_unit,individual,406,406,423,423,0.9598108747044918,0.9598108747044918,false
19144,sfr_1_4,trust,171,176,10797,12037,0.015837732703528756,0.014621583451026004,false
19150,sfr_1_4,partnership,9,11,8910,9717,0.00101010101010101,0.0011320366368220644,false
19139,sfr_1_4,partnership,84,107,13361,15113,0.0062869545692687675,0.007079997353272018,false
19130,mixed_use_res,individual,142,142,265,265,0.5358490566037736,0.5358490566037736,false
19118,condo_unit,llc,4,4,140,140,0.02857142857142857,0.02857142857142857,false
19119,sfr_1_4,partnership,11,15,8741,9145,0.0012584372497425923,0.0016402405686167304,false
19127,mixed_use_res,llc,48,48,128,128,0.375,0.375,false
19107,mixed_use_res,corp,15,15,291,291,0.05154639175257732,0.05154639175257732,false
19111,mixed_use_res,partnership,3,3,245,245,0.012244897959183673,0.012244897959183673,false
19115,condo_unit,corp,13,13,2005,2005,0.006483790523690773,0.006483790523690773,false
19153,sfr_1_4,llc,220,235,3730,3931,0.058981233243967826,0.059781226151106585,false
19151,sfr_1_4,corp,60,69,10451,11392,0.005741077408860396,0.00605688202247191,false
19115,sfr_1_4,corp,33,44,8056,8530,0.004096325719960278,0.005158264947245018,false
19122,mixed_use_res,llc,55,55,189,189,0.291005291005291,0.291005291005291,false
19123,condo_unit,corp,7,7,1770,1770,0.0039548022598870055,0.0039548022598870055,false
19132,mixed_use_res,partnership,2,2,525,525,0.0038095238095238095,0.0038095238095238095,false
19141,small_mf,llc,34,170,69,345,0.4927536231884058,0.4927536231884058,false
19120,small_mf,corp,3,15,27,135,0.1111111111111111,0.1111111111111111,false
19128,sfr_1_4,llc,339,429,11962,12739,0.028339742517973582,0.033676112724703666,false
19119,small_mf,partnership,5,25,91,455,0.054945054945054944,0.054945054945054944,false
19127,sfr_1_4,partnership,4,5,2331,2492,0.001716001716001716,0.0020064205457463883,false
19146,small_mf,llc,60,300,173,865,0.3468208092485549,0.3468208092485549,false
19127,sfr_1_4,trust,40,46,2331,2492,0.01716001716001716,0.018459069020866775,false
19129,mixed_use_res,corp,3,3,52,52,0.057692307692307696,0.057692307692307696,false
19126,large_mf,llc,3,153,9,508,0.3333333333333333,0.30118110236220474,false
19135,large_mf,unknown,1,51,3,153,0.3333333333333333,0.3333333333333333,false
19134,sfr_1_4,partnership,53,56,20815,21509,0.0025462406918087916,0.0026035612999209634,false
19122,sfr_1_4,partnership,19,31,4651,5043,0.0040851429800043,0.006147134642078128,false
19152,large_mf,partnership,9,508,20,1216,0.45,0.41776315789473684,false
19106,condo_unit,unknown,84,84,4204,4204,0.019980970504281638,0.019980970504281638,false
19139,mixed_use_res,unknown,17,17,640,640,0.0265625,0.0265625,false
19119,sfr_1_4,trust,153,164,8741,9145,0.017503718110056056,0.01793329688354292,false
19132,sfr_1_4,partnership,60,75,14506,15153,0.004136219495381221,0.004949514947535142,false
19129,small_mf,llc,14,70,25,125,0.56,0.56,false
19149,sfr_1_4,lender_reo,10,10,17699,18838,0.0005650036725238715,0.0005308419152776304,false
19104,mixed_use_res,unknown,6,6,319,319,0.018808777429467086,0.018808777429467086,false
19102,large_mf,corp,1,100,16,1306,0.0625,0.07656967840735068,false
19151,small_mf,corp,2,10,45,225,0.044444444444444446,0.044444444444444446,false
19132,large_mf,llc,1,51,8,408,0.125,0.125,false
19152,condo_unit,trust,3,3,321,321,0.009345794392523364,0.009345794392523364,false
19123,mixed_use_res,trust,8,8,290,290,0.027586206896551724,0.027586206896551724,false
19103,condo_unit,lender_reo,3,3,4529,4529,0.0006623978803267829,0.0006623978803267829,false
19124,small_mf,individual,26,130,97,485,0.26804123711340205,0.26804123711340205,false
19148,mixed_use_res,trust,19,19,784,784,0.02423469387755102,0.02423469387755102,false
19136,condo_unit,corp,5,5,150,150,0.03333333333333333,0.03333333333333333,false
19122,condo_unit,partnership,1,1,434,434,0.002304147465437788,0.002304147465437788,false
19121,condo_unit,llc,12,12,234,234,0.05128205128205128,0.05128205128205128,false
19131,large_mf,individual,7,602,28,2408,0.25,0.25,false
19128,condo_unit,individual,656,656,738,738,0.8888888888888888,0.8888888888888888,false
19134,sfr_1_4,estate,2,2,20815,21509,0.00009608455440787894,0.0000929843321400344,false
19134,sfr_1_4,unknown,295,327,20815,21509,0.014172471775162144,0.015202938304895625,false
19147,small_mf,unknown,23,115,238,1190,0.09663865546218488,0.09663865546218488,false
"",condo_unit,trust,1,1,5,5,,,true
19126,mixed_use_res,partnership,2,2,74,74,0.02702702702702703,0.02702702702702703,false
19125,sfr_1_4,llc,652,725,9884,10240,0.06596519627681101,0.07080078125,false
19102,sfr_1_4,partnership,1,1,88,108,0.011363636363636364,0.009259259259259259,false
19136,small_mf,llc,27,135,41,205,0.6585365853658537,0.6585365853658537,false
19153,sfr_1_4,unknown,24,28,3730,3931,0.006434316353887399,0.0071228694988552535,false
19126,sfr_1_4,trust,58,65,4654,5023,0.012462397937258273,0.01294047382042604,false
19144,mixed_use_res,llc,96,96,312,312,0.3076923076923077,0.3076923076923077,false
19128,small_mf,partnership,10,50,103,515,0.0970873786407767,0.0970873786407767,false
19150,small_mf,llc,1,5,12,60,0.08333333333333333,0.08333333333333333,false
19135,small_mf,llc,24,120,47,235,0.5106382978723404,0.5106382978723404,false
19151,sfr_1_4,lender_reo,17,19,10451,11392,0.0016266385991771121,0.0016678370786516853,false
19107,condo_unit,trust,50,50,2512,2512,0.019904458598726114,0.019904458598726114,false
19115,small_mf,unknown,1,5,21,105,0.047619047619047616,0.047619047619047616,false
19118,sfr_1_4,individual,2167,2238,2402,2507,0.9021648626144879,0.89270043877144,false
19112,small_mf,llc,1,5,2,10,0.5,0.5,false
19151,sfr_1_4,trust,112,125,10451,11392,0.010716677829872739,0.010972612359550563,false
19142,small_mf,corp,2,10,12,60,0.16666666666666666,0.16666666666666666,false
19152,condo_unit,individual,277,277,321,321,0.8629283489096573,0.8629283489096573,false
19124,sfr_1_4,corp,179,205,20135,21471,0.008889992550285572,0.009547762097713195,false
19131,sfr_1_4,individual,10156,11204,12317,13718,0.8245514329788097,0.8167371336929582,false
19118,small_mf,llc,1,5,24,120,0.041666666666666664,0.041666666666666664,false
19134,sfr_1_4,llc,2670,2853,20815,21509,0.12827288013451837,0.13264214979775907,false
"",sfr_1_4,llc,2,2,4,4,,,true
19135,sfr_1_4,partnership,23,25,10952,11787,0.002100073046018992,0.0021209807414948674,false
19120,sfr_1_4,corp,137,158,19962,21330,0.00686303977557359,0.007407407407407408,false
19133,sfr_1_4,llc,782,937,7617,8044,0.10266509124327163,0.11648433615116857,false
19115,small_mf,partnership,1,5,21,105,0.047619047619047616,0.047619047619047616,false
19106,large_mf,partnership,4,302,15,1108,0.26666666666666666,0.27256317689530685,false
19143,small_mf,partnership,15,75,224,1120,0.06696428571428571,0.06696428571428571,false
19129,mixed_use_res,llc,14,14,52,52,0.2692307692307692,0.2692307692307692,false
19130,small_mf,individual,144,720,407,2035,0.3538083538083538,0.3538083538083538,false
19136,mixed_use_res,individual,93,93,117,117,0.7948717948717948,0.7948717948717948,false
19133,mixed_use_res,llc,87,87,490,490,0.17755102040816326,0.17755102040816326,false
19138,sfr_1_4,individual,10261,10657,11729,12271,0.8748401398243669,0.8684703773123624,false
19134,small_mf,llc,38,190,85,425,0.4470588235294118,0.4470588235294118,false
19116,large_mf,llc,3,202,16,1257,0.1875,0.16070007955449483,false
19133,large_mf,llc,1,51,4,204,0.25,0.25,false
19144,condo_unit,unknown,12,12,23,23,0.5217391304347826,0.5217391304347826,false
19147,sfr_1_4,trust,240,279,12346,13643,0.0194394945731411,0.020450047643480174,false
19123,small_mf,individual,22,110,159,795,0.13836477987421383,0.13836477987421383,false
19120,mixed_use_res,unknown,8,8,636,636,0.012578616352201259,0.012578616352201259,false
19114,sfr_1_4,trust,62,76,8294,9343,0.0074752833373523024,0.008134432195226372,false
19133,large_mf,corp,1,51,4,204,0.25,0.25,false
19129,large_mf,llc,1,51,7,602,0.14285714285714285,0.08471760797342193,false
19141,sfr_1_4,partnership,43,70,8892,9928,0.004835807467386414,0.007050765511684126,false
19144,large_mf,individual,6,306,45,3030,0.13333333333333333,0.100990099009901,false
19124,small_mf,partnership,9,45,97,485,0.09278350515463918,0.09278350515463918,false
19128,mixed_use_res,trust,2,2,147,147,0.013605442176870748,0.013605442176870748,false
19141,small_mf,individual,17,85,69,345,0.2463768115942029,0.2463768115942029,false
19138,small_mf,individual,9,45,22,110,0.4090909090909091,0.4090909090909091,false
19147,mixed_use_res,unknown,35,35,966,966,0.036231884057971016,0.036231884057971016,false
19129,small_mf,partnership,2,10,25,125,0.08,0.08,false
19138,small_mf,llc,10,50,22,110,0.45454545454545453,0.45454545454545453,false
19152,sfr_1_4,trust,79,96,9564,10390,0.008260142199916352,0.009239653512993263,false
19132,sfr_1_4,unknown,280,301,14506,15153,0.01930235764511237,0.01986405332277437,false
19150,sfr_1_4,individual,8448,9159,8910,9717,0.9481481481481482,0.9425748687866625,false
19131,condo_unit,partnership,3,3,734,734,0.004087193460490463,0.004087193460490463,false
19141,mixed_use_res,unknown,3,3,338,338,0.008875739644970414,0.008875739644970414,false
19127,condo_unit,individual,253,253,258,258,0.9806201550387597,0.9806201550387597,false
19144,small_mf,trust,1,5,185,925,0.005405405405405406,0.005405405405405406,false
19127,large_mf,partnership,2,102,3,202,0.6666666666666666,0.504950495049505,false
19152,small_mf,unknown,14,70,58,290,0.2413793103448276,0.2413793103448276,false
19125,condo_unit,llc,52,52,539,539,0.09647495361781076,0.09647495361781076,false
19151,condo_unit,trust,1,1,41,41,0.024390243902439025,0.024390243902439025,false
19128,condo_unit,lender_reo,1,1,738,738,0.0013550135501355014,0.0013550135501355014,false
19120,sfr_1_4,llc,964,1118,19962,21330,0.04829175433323314,0.052414439756211906,false
19130,small_mf,trust,1,5,407,2035,0.002457002457002457,0.002457002457002457,false
19151,large_mf,partnership,3,202,8,506,0.375,0.39920948616600793,false
19127,sfr_1_4,corp,14,16,2331,2492,0.006006006006006006,0.006420545746388443,false
19147,mixed_use_res,trust,35,35,966,966,0.036231884057971016,0.036231884057971016,false
19111,large_mf,llc,8,457,23,1467,0.34782608695652173,0.3115201090661213,false
19146,sfr_1_4,partnership,161,209,15148,16282,0.010628465804066543,0.012836260901609138,false
19118,sfr_1_4,partnership,1,1,2402,2507,0.00041631973355537054,0.00039888312724371757,false
19143,large_mf,partnership,4,253,13,712,0.3076923076923077,0.3553370786516854,false
19152,mixed_use_res,trust,1,1,117,117,0.008547008547008548,0.008547008547008548,false
19131,condo_unit,unknown,3,3,734,734,0.004087193460490463,0.004087193460490463,false
19107,mixed_use_res,partnership,9,9,291,291,0.030927835051546393,0.030927835051546393,false
19119,small_mf,trust,1,5,91,455,0.01098901098901099,0.01098901098901099,false
19154,small_mf,partnership,1,5,3,15,0.3333333333333333,0.3333333333333333,false
19144,sfr_1_4,partnership,26,36,10797,12037,0.0024080763174956004,0.0029907784331644096,false
19145,large_mf,individual,6,453,9,606,0.6666666666666666,0.7475247524752475,false
19135,sfr_1_4,estate,2,2,10952,11787,0.00018261504747991235,0.00016967845931958937,false
19111,sfr_1_4,llc,485,651,17892,20095,0.027107086966241895,0.032396118437422246,false
19145,sfr_1_4,partnership,77,81,16786,17600,0.0045871559633027525,0.004602272727272727,false
19121,sfr_1_4,partnership,49,82,9587,11327,0.005111087931574007,0.007239339630970248,false
19128,condo_unit,corp,8,8,738,738,0.01084010840108401,0.01084010840108401,false
19116,sfr_1_4,llc,160,253,8956,10344,0.01786511835640911,0.02445862335653519,false
19129,condo_unit,trust,4,4,423,423,0.009456264775413711,0.009456264775413711,false
19134,mixed_use_res,lender_reo,1,1,849,849,0.001177856301531213,0.001177856301531213,false
19122,sfr_1_4,corp,72,90,4651,5043,0.015480541818963663,0.01784651992861392,false
19123,large_mf,unknown,4,253,92,8416,0.043478260869565216,0.030061787072243346,false
19121,mixed_use_res,estate,1,1,362,362,0.0027624309392265192,0.0027624309392265192,false
19122,condo_unit,trust,7,7,434,434,0.016129032258064516,0.016129032258064516,false
19140,sfr_1_4,individual,14881,15755,17860,19222,0.8332026875699888,0.8196337529913641,false
19147,small_mf,individual,80,400,238,1190,0.33613445378151263,0.33613445378151263,false
19139,mixed_use_res,individual,439,439,640,640,0.6859375,0.6859375,false
19132,small_mf,corp,3,15,59,295,0.05084745762711865,0.05084745762711865,false
19106,sfr_1_4,individual,874,930,1000,1084,0.874,0.8579335793357934,false
19140,small_mf,llc,32,160,66,330,0.48484848484848486,0.48484848484848486,false
19150,mixed_use_res,individual,32,32,52,52,0.6153846153846154,0.6153846153846154,false
19134,sfr_1_4,lender_reo,43,43,20815,21509,0.002065817919769397,0.0019991631410107395,false
19140,sfr_1_4,unknown,177,202,17860,19222,0.009910414333706607,0.010508792009156175,false
19127,sfr_1_4,unknown,21,24,2331,2492,0.009009009009009009,0.009630818619582664,false
19104,mixed_use_res,llc,91,91,319,319,0.2852664576802508,0.2852664576802508,false
19140,sfr_1_4,lender_reo,38,42,17860,19222,0.002127659574468085,0.0021849963583394027,false
19122,large_mf,partnership,6,453,15,1010,0.4,0.4485148514851485,false
19142,small_mf,individual,4,20,12,60,0.3333333333333333,0.3333333333333333,false
19146,condo_unit,unknown,44,44,2004,2004,0.021956087824351298,0.021956087824351298,false
19122,small_mf,unknown,6,30,232,1160,0.02586206896551724,0.02586206896551724,false
19115,small_mf,corp,1,5,21,105,0.047619047619047616,0.047619047619047616,false
19118,small_mf,unknown,6,30,24,120,0.25,0.25,false
19143,small_mf,llc,78,390,224,1120,0.3482142857142857,0.3482142857142857,false
19120,mixed_use_res,individual,518,518,636,636,0.8144654088050315,0.8144654088050315,false
19119,sfr_1_4,individual,8132,8447,8741,9145,0.9303283377187965,0.9236741388737014,false
19128,sfr_1_4,unknown,41,45,11962,12739,0.0034275204815248286,0.003532459376717168,false
19146,sfr_1_4,coop_corp,1,1,15148,16282,0.00006601531555320834,0.00006141751627564181,false
19149,mixed_use_res,unknown,7,7,268,268,0.026119402985074626,0.026119402985074626,false
19111,mixed_use_res,corp,7,7,245,245,0.02857142857142857,0.02857142857142857,false
19147,mixed_use_res,llc,250,250,966,966,0.2587991718426501,0.2587991718426501,false
19132,large_mf,individual,2,102,8,408,0.25,0.25,false
19136,mixed_use_res,unknown,4,4,117,117,0.03418803418803419,0.03418803418803419,false
19118,condo_unit,unknown,1,1,140,140,0.007142857142857143,0.007142857142857143,false
19121,small_mf,trust,3,15,292,1460,0.010273972602739725,0.010273972602739725,false
19139,sfr_1_4,trust,177,196,13361,15113,0.013247511413816332,0.012968967114404817,false
19149,mixed_use_res,individual,201,201,268,268,0.75,0.75,false
19122,mixed_use_res,individual,112,112,189,189,0.5925925925925926,0.5925925925925926,false
19133,small_mf,llc,22,110,55,275,0.4,0.4,false
19104,sfr_1_4,llc,1429,1900,7186,9080,0.198858892290565,0.2092511013215859,false
19106,mixed_use_res,individual,54,54,164,164,0.32926829268292684,0.32926829268292684,false
19103,mixed_use_res,trust,7,7,176,176,0.03977272727272727,0.03977272727272727,false
19116,sfr_1_4,individual,8623,9845,8956,10344,0.9628182224207236,0.9517594740912606,false
19128,sfr_1_4,partnership,10,10,11962,12739,0.0008359806052499582,0.000784990972603815,false
19132,mixed_use_res,unknown,8,8,525,525,0.015238095238095238,0.015238095238095238,false
19104,sfr_1_4,lender_reo,14,15,7186,9080,0.0019482326746451434,0.0016519823788546256,false
19143,condo_unit,trust,2,2,230,230,0.008695652173913044,0.008695652173913044,false
19152,small_mf,corp,3,15,58,290,0.05172413793103448,0.05172413793103448,false
19128,sfr_1_4,corp,48,60,11962,12739,0.004012706905199799,0.00470994583562289,false
19118,mixed_use_res,partnership,5,5,102,102,0.049019607843137254,0.049019607843137254,false
19130,mixed_use_res,llc,90,90,265,265,0.33962264150943394,0.33962264150943394,false
19135,mixed_use_res,corp,11,11,331,331,0.03323262839879154,0.03323262839879154,false
19121,mixed_use_res,individual,200,200,362,362,0.5524861878453039,0.5524861878453039,false
19125,condo_unit,corp,1,1,539,539,0.0018552875695732839,0.0018552875695732839,false
19146,sfr_1_4,trust,313,335,15148,16282,0.020662793768154213,0.02057486795234001,false
19102,condo_unit,corp,4,4,1739,1739,0.0023001725129384704,0.0023001725129384704,false
19139,small_mf,individual,40,200,151,755,0.26490066225165565,0.26490066225165565,false
19118,large_mf,partnership,5,500,8,702,0.625,0.7122507122507122,false
19138,sfr_1_4,partnership,25,25,11729,12271,0.002131469008440617,0.0020373237714937657,false
19107,large_mf,unknown,3,202,30,2412,0.1,0.08374792703150911,false
19153,sfr_1_4,trust,35,37,3730,3931,0.00938337801608579,0.009412363266344441,false
19102,condo_unit,unknown,12,12,1739,1739,0.006900517538815411,0.006900517538815411,false
19111,sfr_1_4,unknown,74,95,17892,20095,0.0041359266711379385,0.004727544165215228,false
19116,mixed_use_res,llc,3,3,9,9,,,true
19145,mixed_use_res,individual,427,427,618,618,0.6909385113268608,0.6909385113268608,false
19123,condo_unit,individual,1445,1445,1770,1770,0.8163841807909604,0.8163841807909604,false
19125,sfr_1_4,lender_reo,2,2,9884,10240,0.00020234722784297855,0.0001953125,false
19147,condo_unit,partnership,2,2,1718,1718,0.0011641443538998836,0.0011641443538998836,false
19120,large_mf,unknown,1,100,3,251,0.3333333333333333,0.398406374501992,false
19130,mixed_use_res,partnership,8,8,265,265,0.03018867924528302,0.03018867924528302,false
19119,condo_unit,corp,1,1,333,333,0.003003003003003003,0.003003003003003003,false
19107,large_mf,llc,4,351,30,2412,0.13333333333333333,0.1455223880597015,false
19103,sfr_1_4,partnership,8,11,1520,1660,0.005263157894736842,0.006626506024096385,false
19102,large_mf,individual,1,51,16,1306,0.0625,0.03905053598774885,false
19144,small_mf,partnership,9,45,185,925,0.04864864864864865,0.04864864864864865,false
19138,sfr_1_4,llc,1048,1175,11729,12271,0.08935118083383067,0.095754217260207,false
19150,mixed_use_res,unknown,1,1,52,52,0.019230769230769232,0.019230769230769232,false
19137,sfr_1_4,unknown,15,15,3257,3338,0.00460546515198035,0.004493708807669263,false
19141,small_mf,trust,1,5,69,345,0.014492753623188406,0.014492753623188406,false
19122,condo_unit,llc,38,38,434,434,0.08755760368663594,0.08755760368663594,false
19138,sfr_1_4,unknown,89,94,11729,12271,0.007588029670048598,0.007660337380816559,false
19134,sfr_1_4,individual,17308,17748,20815,21509,0.8315157338457843,0.8251429634106653,false
19149,sfr_1_4,corp,81,89,17699,18838,0.004576529747443358,0.00472449304597091,false
19118,condo_unit,trust,2,2,140,140,0.014285714285714285,0.014285714285714285,false
19146,mixed_use_res,corp,16,16,467,467,0.034261241970021415,0.034261241970021415,false
19103,sfr_1_4,llc,76,93,1520,1660,0.05,0.05602409638554217,false
19148,sfr_1_4,lender_reo,12,12,19407,20486,0.0006183335909723295,0.0005857658888997364,false
19132,sfr_1_4,estate,4,4,14506,15153,0.0002757479663587481,0.0002639741305352075,false
19121,small_mf,unknown,31,155,292,1460,0.10616438356164383,0.10616438356164383,false
19126,mixed_use_res,llc,16,16,74,74,0.21621621621621623,0.21621621621621623,false
19131,sfr_1_4,estate,3,4,12317,13718,0.0002435658033612081,0.000291587694999271,false
19144,sfr_1_4,corp,157,184,10797,12037,0.01454107622487728,0.015286200880618094,false
19128,mixed_use_res,individual,86,86,147,147,0.5850340136054422,0.5850340136054422,false
19131,mixed_use_res,llc,66,66,291,291,0.2268041237113402,0.2268041237113402,false
19111,large_mf,unknown,1,100,23,1467,0.043478260869565216,0.0681663258350375,false
19122,small_mf,individual,98,490,232,1160,0.4224137931034483,0.4224137931034483,false
19131,small_mf,individual,9,45,49,245,0.1836734693877551,0.1836734693877551,false
19135,sfr_1_4,llc,749,850,10952,11787,0.06838933528122718,0.07211334521082549,false
19120,small_mf,llc,13,65,27,135,0.48148148148148145,0.48148148148148145,false
19121,large_mf,llc,5,304,16,1012,0.3125,0.30039525691699603,false
19107,large_mf,individual,11,904,30,2412,0.36666666666666664,0.3747927031509121,false
19121,sfr_1_4,individual,6901,7633,9587,11327,0.7198289350161677,0.6738765780877549,false
19121,mixed_use_res,partnership,5,5,362,362,0.013812154696132596,0.013812154696132596,false
19102,condo_unit,llc,65,65,1739,1739,0.03737780333525014,0.03737780333525014,false
19148,condo_unit,individual,23,23,24,24,0.9583333333333334,0.9583333333333334,false
19140,mixed_use_res,corp,45,45,698,698,0.06446991404011461,0.06446991404011461,false
19115,small_mf,llc,11,55,21,105,0.5238095238095238,0.5238095238095238,false
19104,mixed_use_res,partnership,10,10,319,319,0.03134796238244514,0.03134796238244514,false
19147,small_mf,partnership,26,130,238,1190,0.1092436974789916,0.1092436974789916,false
19107,sfr_1_4,partnership,18,21,657,775,0.0273972602739726,0.027096774193548386,false
19107,small_mf,trust,1,5,289,1445,0.0034602076124567475,0.0034602076124567475,false
19104,sfr_1_4,individual,5075,6250,7186,9080,0.7062343445588645,0.6883259911894273,false
19137,mixed_use_res,llc,15,15,74,74,0.20270270270270271,0.20270270270270271,false
19130,large_mf,llc,3,300,15,1353,0.2,0.22172949002217296,false
19111,large_mf,partnership,10,608,23,1467,0.43478260869565216,0.41445126107702795,false
19137,small_mf,unknown,2,10,7,35,0.2857142857142857,0.2857142857142857,false
19148,sfr_1_4,estate,1,1,19407,20486,0.000051527799247694134,0.00004881382407497803,false
19141,sfr_1_4,llc,691,876,8892,9928,0.07771030139451192,0.08823529411764706,false
19130,mixed_use_res,corp,12,12,265,265,0.045283018867924525,0.045283018867924525,false
19125,condo_unit,partnership,18,18,539,539,0.03339517625231911,0.03339517625231911,false
19154,condo_unit,lender_reo,2,2,444,444,0.0045045045045045045,0.0045045045045045045,false
19102,mixed_use_res,llc,6,6,19,19,0.3157894736842105,0.3157894736842105,false
19139,sfr_1_4,individual,10486,11668,13361,15113,0.7848214953970511,0.7720505525044663,false
19103,small_mf,unknown,54,270,438,2190,0.1232876712328767,0.1232876712328767,false
19140,small_mf,individual,19,95,66,330,0.2878787878787879,0.2878787878787879,false
19131,condo_unit,trust,9,9,734,734,0.01226158038147139,0.01226158038147139,false
19150,sfr_1_4,estate,1,1,8910,9717,0.0001122334455667789,0.00010291242152927858,false
19124,small_mf,trust,1,5,97,485,0.010309278350515464,0.010309278350515464,false
19119,condo_unit,trust,10,10,333,333,0.03003003003003003,0.03003003003003003,false
19135,mixed_use_res,individual,231,231,331,331,0.6978851963746223,0.6978851963746223,false
19140,sfr_1_4,partnership,30,32,17860,19222,0.0016797312430011197,0.0016647591301633545,false
19139,small_mf,unknown,10,50,151,755,0.06622516556291391,0.06622516556291391,false
19146,large_mf,partnership,3,153,18,1114,0.16666666666666666,0.13734290843806105,false
19126,condo_unit,llc,48,48,78,78,0.6153846153846154,0.6153846153846154,false
19122,condo_unit,individual,387,387,434,434,0.8917050691244239,0.8917050691244239,false
19152,large_mf,corp,2,151,20,1216,0.1,0.12417763157894737,false
19139,condo_unit,corp,1,1,94,94,0.010638297872340425,0.010638297872340425,false
"",sfr_1_4,unknown,1,1,4,4,,,true
19140,mixed_use_res,partnership,3,3,698,698,0.004297994269340974,0.004297994269340974,false
19153,small_mf,individual,1,5,2,10,0.5,0.5,false
19154,sfr_1_4,estate,3,4,10758,11186,0.0002788622420524261,0.00035758984444841767,false
19131,large_mf,partnership,4,302,28,2408,0.14285714285714285,0.12541528239202657,false
19145,condo_unit,individual,119,119,124,124,0.9596774193548387,0.9596774193548387,false
19125,mixed_use_res,llc,146,146,397,397,0.3677581863979849,0.3677581863979849,false
19136,sfr_1_4,trust,78,86,10243,10999,0.007614956555696573,0.007818892626602418,false
19144,sfr_1_4,llc,1299,1620,10797,12037,0.12031119755487635,0.13458502949239845,false
19118,large_mf,unknown,1,51,8,702,0.125,0.07264957264957266,false
19144,mixed_use_res,individual,187,187,312,312,0.5993589743589743,0.5993589743589743,false
19152,mixed_use_res,corp,6,6,117,117,0.05128205128205128,0.05128205128205128,false
19128,large_mf,llc,3,153,21,1610,0.14285714285714285,0.09503105590062112,false
19123,condo_unit,llc,246,246,1770,1770,0.13898305084745763,0.13898305084745763,false
19133,sfr_1_4,corp,101,119,7617,8044,0.013259813574898255,0.014793635007458976,false
19145,sfr_1_4,corp,99,110,16786,17600,0.005897771952817824,0.00625,false
19107,mixed_use_res,llc,78,78,291,291,0.26804123711340205,0.26804123711340205,false
19121,mixed_use_res,corp,28,28,362,362,0.07734806629834254,0.07734806629834254,false
19143,sfr_1_4,llc,3023,3378,22141,24041,0.1365340318865453,0.14050996214799716,false
19102,mixed_use_res,unknown,1,1,19,19,0.05263157894736842,0.05263157894736842,false
19145,mixed_use_res,corp,19,19,618,618,0.030744336569579287,0.030744336569579287,false
19125,mixed_use_res,unknown,17,17,397,397,0.042821158690176324,0.042821158690176324,false
19114,sfr_1_4,unknown,24,27,8294,9343,0.0028936580660718593,0.0028898640693567376,false
19133,sfr_1_4,lender_reo,11,11,7617,8044,0.0014441381121176316,0.0013674788662357037,false
19107,mixed_use_res,individual,144,144,291,291,0.4948453608247423,0.4948453608247423,false
19144,mixed_use_res,trust,3,3,312,312,0.009615384615384616,0.009615384615384616,false
19104,large_mf,individual,7,504,35,2618,0.2,0.1925133689839572,false
19102,condo_unit,trust,58,58,1739,1739,0.03335250143760782,0.03335250143760782,false
19104,large_mf,corp,1,100,35,2618,0.02857142857142857,0.03819709702062643,false
19141,sfr_1_4,trust,113,135,8892,9928,0.012708052181736392,0.013597904915390814,false
19122,small_mf,trust,1,5,232,1160,0.004310344827586207,0.004310344827586207,false
19138,sfr_1_4,lender_reo,32,33,11729,12271,0.00272828033080399,0.002689267378371771,false
19106,sfr_1_4,partnership,11,16,1000,1084,0.011,0.014760147601476014,false
19107,small_mf,corp,12,60,289,1445,0.04152249134948097,0.04152249134948097,false
19142,small_mf,unknown,1,5,12,60,0.08333333333333333,0.08333333333333333,false
19107,sfr_1_4,corp,4,5,657,775,0.0060882800608828,0.0064516129032258064,false
19130,mixed_use_res,trust,2,2,265,265,0.007547169811320755,0.007547169811320755,false
19134,small_mf,unknown,9,45,85,425,0.10588235294117647,0.10588235294117647,false
19116,sfr_1_4,corp,29,40,8956,10344,0.0032380527020991513,0.0038669760247486465,false
19115,condo_unit,lender_reo,1,1,2005,2005,0.0004987531172069825,0.0004987531172069825,false
19121,condo_unit,unknown,15,15,234,234,0.0641025641025641,0.0641025641025641,false
19103,sfr_1_4,unknown,28,33,1520,1660,0.018421052631578946,0.019879518072289156,false
19146,condo_unit,llc,72,72,2004,2004,0.03592814371257485,0.03592814371257485,false
19147,sfr_1_4,llc,449,617,12346,13643,0.03636805443058481,0.04522465733343106,false
19138,mixed_use_res,partnership,2,2,206,206,0.009708737864077669,0.009708737864077669,false
19143,condo_unit,corp,6,6,230,230,0.02608695652173913,0.02608695652173913,false
19134,small_mf,individual,28,140,85,425,0.32941176470588235,0.32941176470588235,false
19141,large_mf,llc,3,202,14,1008,0.21428571428571427,0.2003968253968254,false
19143,mixed_use_res,llc,144,144,670,670,0.21492537313432836,0.21492537313432836,false
19122,large_mf,llc,5,304,15,1010,0.3333333333333333,0.300990099009901,false
19104,large_mf,partnership,9,655,35,2618,0.2571428571428571,0.25019098548510316,false
19142,mixed_use_res,llc,48,48,364,364,0.13186813186813187,0.13186813186813187,false
19153,sfr_1_4,corp,7,7,3730,3931,0.0018766756032171583,0.0017807173747138134,false
19107,sfr_1_4,trust,20,24,657,775,0.030441400304414,0.03096774193548387,false
19106,mixed_use_res,llc,59,59,164,164,0.3597560975609756,0.3597560975609756,false
19142,mixed_use_res,trust,5,5,364,364,0.013736263736263736,0.013736263736263736,false
19131,condo_unit,corp,2,2,734,734,0.0027247956403269754,0.0027247956403269754,false
19125,small_mf,llc,85,425,196,980,0.4336734693877551,0.4336734693877551,false
19135,sfr_1_4,trust,79,90,10952,11787,0.007213294375456538,0.007635530669381522,false
19141,large_mf,individual,1,51,14,1008,0.07142857142857142,0.050595238095238096,false
19111,small_mf,unknown,12,60,120,600,0.1,0.1,false
19111,mixed_use_res,trust,2,2,245,245,0.00816326530612245,0.00816326530612245,false
19153,large_mf,individual,7,651,9,802,0.7777777777777778,0.8117206982543641,false
19103,condo_unit,corp,25,25,4529,4529,0.005519982336056524,0.005519982336056524,false
19128,small_mf,llc,55,275,103,515,0.5339805825242718,0.5339805825242718,false
19131,small_mf,unknown,8,40,49,245,0.16326530612244897,0.16326530612244897,false
19127,mixed_use_res,trust,1,1,128,128,0.0078125,0.0078125,false
19122,small_mf,partnership,29,145,232,1160,0.125,0.125,false
19148,small_mf,partnership,5,25,44,220,0.11363636363636363,0.11363636363636363,false
19136,sfr_1_4,corp,52,57,10243,10999,0.005076637703797716,0.005182289299027185,false
19119,small_mf,corp,7,35,91,455,0.07692307692307693,0.07692307692307693,false
19139,sfr_1_4,corp,205,236,13361,15113,0.01534316293690592,0.015615695096936413,false
19141,small_mf,unknown,3,15,69,345,0.043478260869565216,0.043478260869565216,false
19114,large_mf,llc,6,551,15,1402,0.4,0.3930099857346648,false
19147,small_mf,llc,83,415,238,1190,0.3487394957983193,0.3487394957983193,false
19102,sfr_1_4,llc,12,20,88,108,0.13636363636363635,0.18518518518518517,false
19125,sfr_1_4,individual,8980,9243,9884,10240,0.9085390530149737,0.90263671875,false
19119,mixed_use_res,partnership,3,3,141,141,0.02127659574468085,0.02127659574468085,false
19147,small_mf,corp,18,90,238,1190,0.07563025210084033,0.07563025210084033,false
19144,condo_unit,llc,1,1,23,23,0.043478260869565216,0.043478260869565216,false
19154,sfr_1_4,llc,165,193,10758,11186,0.015337423312883436,0.017253709994636154,false
19151,condo_unit,llc,22,22,41,41,0.5365853658536586,0.5365853658536586,false
19115,large_mf,individual,4,302,24,2008,0.16666666666666666,0.150398406374502,false
19144,large_mf,corp,4,351,45,3030,0.08888888888888889,0.11584158415841585,false
19124,mixed_use_res,partnership,4,4,490,490,0.00816326530612245,0.00816326530612245,false
19103,small_mf,individual,155,775,438,2190,0.3538812785388128,0.3538812785388128,false
19120,sfr_1_4,estate,2,2,19962,21330,0.00010019036168720569,0.00009376465072667604,false
19123,mixed_use_res,individual,164,164,290,290,0.5655172413793104,0.5655172413793104,false
19131,condo_unit,lender_reo,1,1,734,734,0.0013623978201634877,0.0013623978201634877,false
19148,small_mf,trust,1,5,44,220,0.022727272727272728,0.022727272727272728,false
19138,mixed_use_res,corp,12,12,206,206,0.05825242718446602,0.05825242718446602,false
19120,sfr_1_4,lender_reo,32,35,19962,21330,0.001603045786995291,0.0016408813877168307,false
19136,mixed_use_res,llc,14,14,117,117,0.11965811965811966,0.11965811965811966,false
19106,large_mf,unknown,1,51,15,1108,0.06666666666666667,0.046028880866425995,false
19125,condo_unit,individual,451,451,539,539,0.8367346938775511,0.8367346938775511,false
19114,sfr_1_4,lender_reo,11,11,8294,9343,0.001326259946949602,0.0011773520282564486,false
19145,mixed_use_res,partnership,6,6,618,618,0.009708737864077669,0.009708737864077669,false
19126,mixed_use_res,individual,52,52,74,74,0.7027027027027027,0.7027027027027027,false
19149,sfr_1_4,trust,134,149,17699,18838,0.007571049211819877,0.007909544537636691,false
19111,condo_unit,trust,6,6,196,196,0.030612244897959183,0.030612244897959183,false
19104,mixed_use_res,trust,6,6,319,319,0.018808777429467086,0.018808777429467086,false
19119,large_mf,corp,1,51,13,810,0.07692307692307693,0.06296296296296296,false
19118,large_mf,llc,1,100,8,702,0.125,0.14245014245014245,false
19144,small_mf,corp,16,80,185,925,0.08648648648648649,0.08648648648648649,false
19151,mixed_use_res,partnership,4,4,286,286,0.013986013986013986,0.013986013986013986,false
19135,sfr_1_4,lender_reo,16,16,10952,11787,0.0014609203798392988,0.001357427674556715,false
19130,sfr_1_4,corp,63,97,5723,6639,0.01100821247597414,0.014610634131646332,false
19139,sfr_1_4,estate,4,5,13361,15113,0.00029937878901279845,0.0003308409978164494,false
19142,mixed_use_res,individual,292,292,364,364,0.8021978021978022,0.8021978021978022,false
19124,large_mf,partnership,4,302,7,455,0.5714285714285714,0.6637362637362637,false
19106,small_mf,unknown,21,105,152,760,0.13815789473684212,0.13815789473684212,false
19141,mixed_use_res,llc,50,50,338,338,0.14792899408284024,0.14792899408284024,false
19126,small_mf,partnership,8,40,35,175,0.22857142857142856,0.22857142857142856,false
19122,sfr_1_4,lender_reo,8,8,4651,5043,0.0017200602021070737,0.001586357326987904,false
19148,small_mf,individual,18,90,44,220,0.4090909090909091,0.4090909090909091,false
19139,mixed_use_res,partnership,2,2,640,640,0.003125,0.003125,false
19154,condo_unit,individual,408,408,444,444,0.918918918918919,0.918918918918919,false
19123,sfr_1_4,corp,14,22,3110,3445,0.0045016077170418,0.006386066763425254,false
19141,large_mf,partnership,6,453,14,1008,0.42857142857142855,0.4494047619047619,false
19141,mixed_use_res,trust,4,4,338,338,0.011834319526627219,0.011834319526627219,false
19123,sfr_1_4,partnership,14,18,3110,3445,0.0045016077170418,0.0052249637155297535,false
19151,sfr_1_4,partnership,42,58,10451,11392,0.004018754186202277,0.005091292134831461,false
19115,sfr_1_4,unknown,31,35,8056,8530,0.003848063555114201,0.004103165298944901,false
19123,small_mf,partnership,39,195,159,795,0.24528301886792453,0.24528301886792453,false
19103,large_mf,llc,6,551,40,3559,0.15,0.15481876931722394,false
19152,large_mf,individual,1,51,20,1216,0.05,0.04194078947368421,false
19121,large_mf,partnership,2,102,16,1012,0.125,0.1007905138339921,false
19131,sfr_1_4,llc,1579,1839,12317,13718,0.12819680116911586,0.13405744277591486,false
19114,large_mf,individual,5,451,15,1402,0.3333333333333333,0.32168330955777463,false
19114,large_mf,corp,1,100,15,1402,0.06666666666666667,0.07132667617689016,false
19147,mixed_use_res,corp,20,20,966,966,0.020703933747412008,0.020703933747412008,false
19151,small_mf,individual,13,65,45,225,0.28888888888888886,0.28888888888888886,false
19103,mixed_use_res,partnership,10,10,176,176,0.056818181818181816,0.056818181818181816,false
19118,sfr_1_4,corp,108,119,2402,2507,0.044962531223980015,0.04746709214200239,false
"",sfr_1_4,individual,1,1,4,4,,,true
19131,large_mf,corp,2,200,28,2408,0.07142857142857142,0.08305647840531562,false
19154,mixed_use_res,llc,1,1,1,1,,,true
19116,small_mf,unknown,2,10,10,50,0.2,0.2,false
19151,sfr_1_4,individual,9508,10243,10451,11392,0.9097694000574108,0.8991397471910112,false
19102,small_mf,partnership,15,75,69,345,0.21739130434782608,0.21739130434782608,false
19118,small_mf,trust,1,5,24,120,0.041666666666666664,0.041666666666666664,false
19111,condo_unit,corp,4,4,196,196,0.02040816326530612,0.02040816326530612,false
19126,sfr_1_4,estate,2,2,4654,5023,0.0004297378599054577,0.00039816842524387816,false
19121,small_mf,lender_reo,1,5,292,1460,0.003424657534246575,0.003424657534246575,false
19125,small_mf,individual,70,350,196,980,0.35714285714285715,0.35714285714285715,false
19123,condo_unit,trust,37,37,1770,1770,0.020903954802259886,0.020903954802259886,false
19114,small_mf,llc,3,15,8,40,0.375,0.375,false
19121,condo_unit,partnership,7,7,234,234,0.029914529914529916,0.029914529914529916,false
19145,sfr_1_4,estate,1,1,16786,17600,0.00005957345406886691,0.00005681818181818182,false
19134,mixed_use_res,unknown,14,14,849,849,0.016489988221436984,0.016489988221436984,false
19149,small_mf,unknown,3,15,9,45,0.3333333333333333,0.3333333333333333,false
19114,sfr_1_4,estate,1,1,8294,9343,0.00012056908608632747,0.00010703200256876806,false
19102,sfr_1_4,corp,10,10,88,108,0.11363636363636363,0.09259259259259259,false
19151,large_mf,llc,4,204,8,506,0.5,0.4031620553359684,false
19136,large_mf,individual,1,100,6,404,0.16666666666666666,0.24752475247524752,false
19152,small_mf,partnership,4,20,58,290,0.06896551724137931,0.06896551724137931,false
19149,sfr_1_4,partnership,5,5,17699,18838,0.00028250183626193573,0.0002654209576388152,false
19122,sfr_1_4,llc,409,521,4651,5043,0.08793807783272414,0.10331152092008725,false
19133,mixed_use_res,unknown,14,14,490,490,0.02857142857142857,0.02857142857142857,false
19134,condo_unit,llc,3,3,16,16,0.1875,0.1875,false
19121,condo_unit,individual,194,194,234,234,0.8290598290598291,0.8290598290598291,false
19121,mixed_use_res,llc,106,106,362,362,0.292817679558011,0.292817679558011,false
19125,mixed_use_res,corp,15,15,397,397,0.037783375314861464,0.037783375314861464,false
19143,sfr_1_4,individual,17891,19308,22141,24041,0.8080484169640034,0.8031279896842893,false
19104,large_mf,llc,13,1055,35,2618,0.37142857142857144,0.4029793735676089,false
19134,condo_unit,individual,13,13,16,16,0.8125,0.8125,false
19131,small_mf,llc,24,120,49,245,0.4897959183673469,0.4897959183673469,false
19122,large_mf,individual,3,202,15,1010,0.2,0.2,false
19111,sfr_1_4,partnership,179,354,17892,20095,0.010004471272076905,0.01761632246827569,false
19104,small_mf,unknown,79,395,721,3605,0.10957004160887657,0.10957004160887657,false
19131,sfr_1_4,trust,175,210,12317,13718,0.014208005196070472,0.015308353987461729,false
19116,small_mf,corp,4,20,10,50,0.4,0.4,false
19107,condo_unit,lender_reo,4,4,2512,2512,0.0015923566878980893,0.0015923566878980893,false
19143,small_mf,trust,1,5,224,1120,0.004464285714285714,0.004464285714285714,false
19121,large_mf,individual,5,353,16,1012,0.3125,0.34881422924901184,false
19140,mixed_use_res,llc,121,121,698,698,0.17335243553008595,0.17335243553008595,false
19150,small_mf,individual,5,25,12,60,0.4166666666666667,0.4166666666666667,false
19130,large_mf,partnership,5,451,15,1353,0.3333333333333333,0.3333333333333333,false
19103,small_mf,corp,27,135,438,2190,0.06164383561643835,0.06164383561643835,false
19146,sfr_1_4,individual,12776,13522,15148,16282,0.8434116715077898,0.8304876550792286,false
19142,mixed_use_res,partnership,1,1,364,364,0.0027472527472527475,0.0027472527472527475,false
19121,small_mf,corp,14,70,292,1460,0.04794520547945205,0.04794520547945205,false
