nta,nta_name,borough,parcels,units,entity_parcels,entity_units,entity_parcel_share,entity_unit_share,sfr_condo_parcels,sfr_condo_units,sfr_condo_entity_parcels,sfr_condo_entity_units,sfr_condo_entity_unit_share,suppressed
BK0101,Greenpoint,Brooklyn,4085,26719,1479,15354,0.3620563035495716,0.5746472547625285,2202,6926,414,1827,0.26378862258157665,false
BK0102,Williamsburg,Brooklyn,2835,33607,1463,19484,0.5160493827160494,0.5797601690124081,1099,5728,364,1456,0.2541899441340782,false
BK0103,South Williamsburg,Brooklyn,1780,12126,579,6235,0.3252808988764045,0.5141843971631206,1226,5176,292,1297,0.2505795981452859,false
BK0104,East Williamsburg,Brooklyn,3302,23140,1556,12745,0.47122955784373105,0.5507778738115817,1597,4953,391,1437,0.2901271956390067,false
BK0201,Brooklyn Heights,Brooklyn,1269,14116,465,5098,0.3664302600472813,0.36115046755454805,619,1417,153,380,0.2681721947776994,false
BK0202,Downtown Brooklyn-DUMBO-Boerum Hill,Brooklyn,1563,26364,652,17199,0.4171465131158029,0.6523668639053254,862,2614,160,688,0.2631981637337414,false
BK0203,Fort Greene,Brooklyn,1774,17130,552,9484,0.3111612175873732,0.5536485697606538,1286,4113,243,1235,0.300267444687576,false
BK0204,Clinton Hill,Brooklyn,2024,14821,612,5567,0.30237154150197626,0.3756156804534107,1462,4414,279,999,0.22632532850022655,false
BK0301,Bedford-Stuyvesant (West),Brooklyn,6628,33342,2327,16850,0.35108630054315026,0.5053686041629176,4905,14550,1176,3871,0.2660481099656357,false
BK0302,Bedford-Stuyvesant (East),Brooklyn,8446,33572,2399,15457,0.28403978214539427,0.46041343977123794,6752,16623,1205,3521,0.21181495518257837,false
BK0401,Bushwick (West),Brooklyn,4142,23958,2087,15750,0.5038628681796233,0.6574004507888805,1786,4588,397,1208,0.2632955536181343,false
BK0402,Bushwick (East),Brooklyn,5952,23695,2106,12331,0.3538306451612903,0.5204051487655623,4493,11182,1071,3285,0.29377571096404936,false
BK0501,Cypress Hills,Brooklyn,4809,13054,665,3095,0.13828238719068414,0.23709207905622798,4213,8457,357,845,0.09991722833155965,false
BK0502,East New York (North),Brooklyn,4584,14921,795,5068,0.17342931937172776,0.33965551906708663,3981,7791,450,1118,0.1434989089975613,false
BK0503,East New York-New Lots,Brooklyn,4933,18493,711,6346,0.14413136022704237,0.34315687016709023,4382,9255,435,1229,0.13279308481901675,false
BK0504,Spring Creek-Starrett City,Brooklyn,570,14885,9,9765,0.015789473684210527,0.6560295599596909,489,808,2,4,0.0049504950495049506,false
BK0505,East New York-City Line,Brooklyn,3459,10478,443,2620,0.12807169702226076,0.2500477190303493,3094,6574,263,771,0.11728019470641923,false
BK0601,Carroll Gardens-Cobble Hill-Gowanus-Red Hook,Brooklyn,5880,31490,1880,17338,0.3197278911564626,0.5505874880914576,4278,12396,916,2817,0.22725072604065827,false
BK0602,Park Slope,Brooklyn,6476,30079,1666,12154,0.25725756639901176,0.40406928421822536,4628,12195,669,2057,0.16867568675686756,false
BK0701,Windsor Terrace-South Slope,Brooklyn,3154,12077,550,4073,0.17438173747622068,0.3372526289641467,2704,5959,266,881,0.14784359791911394,false
BK0702,Sunset Park (West),Brooklyn,4630,17585,1306,7697,0.28207343412527,0.43770258743247087,3336,8168,431,1218,0.1491185112634672,false
BK0703,Sunset Park (Central),Brooklyn,3938,14154,1045,5502,0.26536312849162014,0.3887240356083086,2795,6760,342,865,0.1279585798816568,false
BK0801,Prospect Heights,Brooklyn,1673,12590,583,6388,0.3484757919904363,0.507386814932486,1007,3240,186,735,0.22685185185185186,false
BK0802,Crown Heights (North),Brooklyn,5624,35298,2103,20269,0.37393314366998576,0.5742251685647912,3536,9237,664,2004,0.21695355634946412,false
BK0901,Crown Heights (South),Brooklyn,2769,21087,691,12425,0.24954857349223547,0.5892255892255892,2084,4373,233,809,0.1849988566201692,false
BK0902,Prospect Lefferts Gardens-Wingate,Brooklyn,3572,20995,898,12960,0.25139977603583424,0.617289830912122,2785,5528,346,968,0.17510853835021709,false
BK1001,Bay Ridge,Brooklyn,9686,37302,1602,13697,0.16539335122857732,0.36719210766178756,7665,13312,442,984,0.07391826923076923,false
BK1002,Dyker Heights,Brooklyn,6524,15127,756,3506,0.11587982832618025,0.23177100548687776,5791,11103,309,869,0.07826713500855624,false
BK1061,Fort Hamilton,Brooklyn,11,522,0,0,0.0,0.0,10,21,0,0,0.0,false
BK1101,Bensonhurst,Brooklyn,10678,34668,1568,10694,0.14684397827308485,0.3084689050421138,9106,20819,614,1727,0.08295307171333878,false
BK1102,Bath Beach,Brooklyn,3657,12046,440,4032,0.12031719989062073,0.3347169184791632,3250,7371,191,587,0.0796364129697463,false
BK1103,Gravesend (West),Brooklyn,6462,20584,770,6215,0.11915815536985454,0.3019335406140692,5733,12763,334,949,0.07435555903784377,false
BK1201,Sunset Park (East)-Borough Park (West),Brooklyn,2336,10176,682,4112,0.2919520547945205,0.40408805031446543,1647,4368,270,717,0.16414835164835165,false
BK1202,Borough Park,Brooklyn,7900,25601,1934,9646,0.2448101265822785,0.37678215694699424,6348,15370,1050,2874,0.1869876382563435,false
BK1203,Kensington,Brooklyn,2833,14396,466,4640,0.16448993999294034,0.3223117532647958,2379,5120,207,579,0.1130859375,false
BK1204,Mapleton-Midwood (West),Brooklyn,4858,13127,820,3845,0.16879374228077398,0.2929077473908738,4479,8300,582,1405,0.16927710843373495,false
BK1301,Gravesend (South),Brooklyn,2253,9932,242,1744,0.10741233910341766,0.175594039468385,2115,4857,172,436,0.08976734609841466,false
BK1302,Coney Island-Sea Gate,Brooklyn,2267,20652,305,6391,0.1345390383767093,0.30946155336044934,2006,3255,158,538,0.16528417818740399,false
BK1303,Brighton Beach,Brooklyn,1631,14805,464,6088,0.28448804414469653,0.41121242823370485,1166,3680,180,605,0.1644021739130435,false
BK1401,Flatbush,Brooklyn,2472,28962,875,19370,0.35396440129449835,0.6688074028036738,1414,2685,113,367,0.1366852886405959,false
BK1402,Flatbush (West)-Ditmas Park-Parkville,Brooklyn,3037,16087,538,7623,0.1771485018109977,0.47386088145707717,2401,4009,142,412,0.10276877026689947,false
BK1403,Midwood,Brooklyn,5364,19753,717,8973,0.13366890380313198,0.4542601123879917,4793,7027,359,771,0.10971965276789526,false
BK1501,Gravesend (East)-Homecrest,Brooklyn,6291,19364,1272,6019,0.20219360991893182,0.31083453831852925,5504,10185,749,1467,0.14403534609720176,false
BK1502,Madison,Brooklyn,5638,15976,522,5825,0.09258602341255764,0.36460941412118175,5159,7732,231,527,0.0681583031557165,false
BK1503,Sheepshead Bay-Manhattan Beach-Gerritsen Beach,Brooklyn,8699,25530,650,4833,0.07472123232555467,0.18930669800235017,8247,14249,450,1317,0.09242753877465085,false
BK1601,Ocean Hill,Brooklyn,3351,15232,1015,5927,0.30289465831095197,0.38911502100840334,2615,6579,546,1518,0.23073415412676698,false
BK1602,Brownsville,Brooklyn,3612,17203,601,5601,0.16638981173864895,0.32558274719525665,3057,6065,276,883,0.14558944765045342,false
BK1701,East Flatbush-Erasmus,Brooklyn,3453,21315,998,13884,0.2890240370692152,0.6513722730471498,2449,5204,253,705,0.1354727132974635,false
BK1702,East Flatbush-Farragut,Brooklyn,4883,12876,337,3034,0.06901494982592668,0.23563218390804597,4622,7160,155,312,0.04357541899441341,false
BK1703,East Flatbush-Rugby,Brooklyn,5425,14110,655,4440,0.12073732718894009,0.3146704464918498,4822,9026,291,678,0.07511633060048747,false
BK1704,East Flatbush-Remsen Village,Brooklyn,3318,14025,523,5892,0.15762507534659434,0.42010695187165775,2873,7336,250,801,0.1091875681570338,false
BK1801,Flatlands,Brooklyn,10869,20506,678,3287,0.06237924372067347,0.1602945479371891,10391,15221,369,669,0.0439524341370475,false
BK1802,Marine Park-Mill Basin-Bergen Beach,Brooklyn,10821,16859,605,1597,0.05590980500877923,0.09472685212646065,10579,15766,465,1235,0.07833312190790308,false
BK1803,Canarsie,Brooklyn,11969,23992,540,1465,0.045116551090316655,0.06106202067355785,11690,22932,420,911,0.03972614686900401,false
BX0101,Mott Haven-Port Morris,Bronx,1454,19333,548,12303,0.3768913342503439,0.6363730409144985,882,2052,140,313,0.15253411306042886,false
BX0102,Melrose,Bronx,1230,13692,390,6719,0.3170731707317073,0.490724510663161,810,2245,100,268,0.11937639198218263,false
BX0201,Hunts Point,Bronx,558,6095,167,2204,0.2992831541218638,0.3616078753076292,398,989,86,235,0.23761375126390294,false
BX0202,Longwood,Bronx,1299,15696,399,7297,0.3071593533487298,0.4648955147808359,864,2845,146,799,0.28084358523725833,false
BX0301,Morrisania,Bronx,1096,13816,381,6164,0.3476277372262774,0.4461493920092646,677,1837,134,352,0.19161676646706588,false
BX0302,Claremont Village-Claremont (East),Bronx,245,4454,74,2137,0.3020408163265306,0.4797934440951953,127,274,10,25,0.09124087591240876,false
BX0303,Crotona Park East,Bronx,1390,12968,335,5462,0.24100719424460432,0.4211906230721777,1045,2162,139,350,0.16188714153561518,false
BX0401,Concourse-Concourse Village,Bronx,1023,26595,495,16985,0.4838709677419355,0.6386538823087047,473,1465,99,274,0.18703071672354948,false
BX0402,Highbridge,Bronx,618,12703,239,6676,0.38673139158576053,0.5255451468157128,330,830,73,213,0.25662650602409637,false
BX0403,Mount Eden-Claremont (West),Bronx,803,18773,337,11221,0.41967621419676215,0.5977201299738987,417,1035,79,199,0.19227053140096617,false
BX0501,University Heights (South)-Morris Heights,Bronx,1308,20037,392,12402,0.2996941896024465,0.6189549333732595,894,1910,111,276,0.14450261780104712,false
BX0502,Mount Hope,Bronx,865,20556,457,14753,0.5283236994219653,0.7176979957190115,380,816,92,212,0.25980392156862747,false
BX0503,Fordham Heights,Bronx,506,11100,273,8275,0.5395256916996047,0.7454954954954955,196,499,42,189,0.3787575150300601,false
BX0601,West Farms,Bronx,442,8552,144,3953,0.3257918552036199,0.4622310570626754,251,1022,30,235,0.2299412915851272,false
BX0602,Tremont,Bronx,1383,13697,413,6850,0.29862617498192334,0.5001095130320509,998,2237,185,452,0.20205632543585159,false
BX0603,Belmont,Bronx,1287,13358,730,9293,0.5672105672105672,0.6956879772421021,659,1637,247,675,0.41233964569334147,false
BX0701,University Heights (North)-Fordham,Bronx,882,15683,419,10619,0.47505668934240364,0.6771025951667411,466,1155,83,177,0.15324675324675324,false
BX0702,Bedford Park,Bronx,1119,23670,562,16896,0.5022341376228776,0.7138149556400507,538,1357,116,255,0.18791451731761238,false
BX0703,Norwood,Bronx,862,15681,379,11638,0.4396751740139211,0.7421720553536126,470,1092,69,154,0.14102564102564102,false
BX0801,Kingsbridge Heights-Van Cortlandt Village,Bronx,908,13744,265,7789,0.2918502202643172,0.5667200232828871,652,1253,79,172,0.1372705506783719,false
BX0802,Kingsbridge-Marble Hill,Bronx,680,8014,156,4890,0.22941176470588234,0.6101821811829299,541,960,55,110,0.11458333333333333,false
BX0803,Riverdale-Spuyten Duyvil,Bronx,2482,22572,290,4023,0.1168412570507655,0.17822966507177032,2218,3730,201,447,0.11983914209115282,false
BX0901,Soundview-Bruckner-Bronx River,Bronx,3440,22090,682,9430,0.19825581395348837,0.4268899954730647,2992,8023,379,1178,0.14682786987411192,false
BX0902,Soundview-Clason Point,Bronx,2516,10097,266,2852,0.10572337042925278,0.2824601366742597,2405,5512,194,406,0.07365747460087083,false
BX0903,Castle Hill-Unionport,Bronx,3373,11751,325,4139,0.0963533946042099,0.35222534252404053,3200,6216,206,504,0.08108108108108109,false
BX0904,Parkchester,Bronx,277,14182,78,4928,0.2815884476534296,0.3474827245804541,203,7819,30,4051,0.5180969433431385,false
BX1001,Westchester Square,Bronx,1383,5366,254,2492,0.1836587129428778,0.4644055162131942,1174,2542,106,263,0.1034618410700236,false
BX1002,Throgs Neck-Schuylerville,Bronx,7611,15189,669,2304,0.08789909341742215,0.15168872210152085,7376,12484,529,1242,0.09948734380006408,false
BX1003,Pelham Bay-Country Club-City Island,Bronx,4605,12326,546,4278,0.11856677524429968,0.3470712315430797,4294,7274,337,744,0.10228210063238934,false
BX1004,Co-op City,Bronx,95,15897,12,18,0.12631578947368421,0.0011322891111530478,86,322,11,18,0.055900621118012424,false
BX1101,Pelham Parkway-Van Nest,Bronx,1761,11738,428,6587,0.24304372515616127,0.5611688532969842,1470,3225,213,574,0.177984496124031,false
BX1102,Morris Park,Bronx,3594,9069,395,2990,0.10990539788536449,0.3296945638989966,3378,6060,254,601,0.09917491749174917,false
BX1103,Pelham Gardens,Bronx,4959,8177,292,779,0.05888283928211333,0.09526721291427173,4865,7773,241,501,0.06445387881126978,false
BX1104,Allerton,Bronx,1464,12461,350,7675,0.2390710382513661,0.6159216756279592,1174,2756,132,468,0.16981132075471697,false
BX1161,Hutchinson Metro Center,Bronx,9,217,2,4,0.2222222222222222,0.018433179723502304,5,10,1,2,0.2,false
BX1201,Williamsbridge-Olinville,Bronx,5733,22136,1054,9331,0.1838478981336124,0.42153053848933864,5066,10377,587,1524,0.14686325527609134,false
BX1202,Eastchester-Edenwald-Baychester,Bronx,6319,14894,491,2898,0.07770216806456717,0.19457499664294348,6185,11051,411,912,0.08252646819292371,false
BX1203,Wakefield-Woodlawn,Bronx,6276,18269,660,5964,0.10516252390057361,0.3264546499534731,5841,10406,378,861,0.08274072650394003,false
BX2891,Pelham Bay Park,Bronx,1,1,0,0,,,1,1,0,0,,true
MN0101,Financial District-Battery Park City,Manhattan,286,36402,150,15613,0.5244755244755245,0.42890500521949343,22,1064,7,101,0.09492481203007519,false
MN0102,Tribeca-Civic Center,Manhattan,641,12059,286,5345,0.44617784711388453,0.4432374160378141,89,926,36,318,0.3434125269978402,false
MN0201,SoHo-Little Italy-Hudson Square,Manhattan,1183,15321,688,8730,0.5815722738799662,0.5698061484237321,105,389,51,106,0.27249357326478146,false
MN0202,Greenwich Village,Manhattan,839,18276,436,6405,0.5196662693682956,0.3504596191726855,170,613,86,238,0.38825448613376834,false
MN0203,West Village,Manhattan,1779,24023,1000,11347,0.5621135469364812,0.4723390084502352,656,2096,310,690,0.3291984732824427,false
MN0301,Chinatown-Two Bridges,Manhattan,744,13442,560,9616,0.7526881720430108,0.7153697366463324,21,360,5,44,0.12222222222222222,false
MN0302,Lower East Side,Manhattan,689,20174,442,7994,0.6415094339622641,0.39625260235947257,28,694,12,179,0.2579250720461095,false
MN0303,East Village,Manhattan,1911,34711,1179,18967,0.6169544740973313,0.5464262049494396,155,831,50,218,0.26233453670276774,false
MN0401,Chelsea-Hudson Yards,Manhattan,1406,44743,726,22526,0.5163584637268848,0.5034530541090226,280,2050,91,584,0.2848780487804878,false
MN0402,Hell's Kitchen,Manhattan,1087,39906,688,20145,0.6329346826126955,0.5048113065704405,80,1725,33,313,0.18144927536231883,false
MN0501,Midtown South-Flatiron-Union Square,Manhattan,581,21022,318,8737,0.5473321858864028,0.4156122157739511,20,1189,8,463,0.3894028595458368,false
MN0502,Midtown-Times Square,Manhattan,393,21682,243,9186,0.6183206106870229,0.42366940319158747,9,643,4,21,0.03265940902021773,false
MN0601,Stuyvesant Town-Peter Cooper Village,Manhattan,2,11255,2,11255,1.0,1.0,,,,,,false
MN0602,Gramercy,Manhattan,626,18639,338,6637,0.5399361022364217,0.35608133483555987,129,713,45,96,0.13464235624123422,false
MN0603,Murray Hill-Kips Bay,Manhattan,893,42232,535,20274,0.5991041433370661,0.4800625118393635,161,1358,68,263,0.19366715758468336,false
MN0604,East Midtown-Turtle Bay,Manhattan,787,34204,385,11359,0.4891994917407878,0.3320956613261607,152,1886,57,347,0.18398727465535525,false
MN0701,Upper West Side-Lincoln Square,Manhattan,789,43913,408,15789,0.5171102661596958,0.35955184114043676,117,985,54,166,0.16852791878172588,false
MN0702,Upper West Side (Central),Manhattan,2401,56228,1143,23516,0.4760516451478551,0.4182257949775912,559,2719,175,611,0.2247149687385068,false
MN0703,Upper West Side-Manhattan Valley,Manhattan,787,24404,331,9090,0.420584498094028,0.3724799213243731,129,3442,19,95,0.02760023242300988,false
MN0801,Upper East Side-Lenox Hill-Roosevelt Island,Manhattan,1141,59313,658,22059,0.5766871165644172,0.3719083506145364,192,1799,69,157,0.08727070594774874,false
MN0802,Upper East Side-Carnegie Hill,Manhattan,2253,39937,1003,10000,0.44518419884598315,0.2503943711345369,869,1889,399,699,0.3700370566437268,false
MN0803,Upper East Side-Yorkville,Manhattan,1386,49769,824,23666,0.5945165945165946,0.47551688802266473,181,2433,53,372,0.15289765721331688,false
MN0901,Morningside Heights,Manhattan,192,8839,85,3300,0.4427083333333333,0.3733454010634687,13,262,4,189,0.7213740458015268,false
MN0902,Manhattanville-West Harlem,Manhattan,267,6792,144,3877,0.5393258426966292,0.5708186101295641,25,190,7,50,0.2631578947368421,false
MN0903,Hamilton Heights-Sugar Hill,Manhattan,1428,21317,590,11720,0.41316526610644255,0.5497959375146597,622,2048,132,356,0.173828125,false
MN1001,Harlem (South),Manhattan,1647,21555,647,9193,0.3928354584092289,0.4264903734632336,748,3768,147,620,0.16454352441613587,false
MN1002,Harlem (North),Manhattan,1967,33107,835,13894,0.4245043213014743,0.41966955628719,825,3084,182,648,0.21011673151750973,false
MN1101,East Harlem (South),Manhattan,696,21414,429,9038,0.6163793103448276,0.4220603343606986,74,610,27,283,0.4639344262295082,false
MN1102,East Harlem (North),Manhattan,1456,21916,719,9005,0.49381868131868134,0.4108870231794123,533,2216,135,552,0.2490974729241877,false
MN1201,Washington Heights (South),Manhattan,996,28149,625,18535,0.6275100401606426,0.6584603360687769,182,785,52,140,0.17834394904458598,false
MN1202,Washington Heights (North),Manhattan,723,30009,480,17841,0.6639004149377593,0.5945216435069479,55,358,13,27,0.07541899441340782,false
MN1203,Inwood,Manhattan,370,16189,252,11377,0.6810810810810811,0.7027611341034036,34,172,4,96,0.5581395348837209,false
QN0101,Astoria (North)-Ditmars-Steinway,Queens,6564,21945,1157,7146,0.17626447288238878,0.3256322624743677,5724,12886,645,1665,0.12920999534378394,false
QN0102,Old Astoria-Hallets Point,Queens,1154,9976,371,6368,0.3214904679376083,0.6383319967923016,808,2848,140,646,0.22682584269662923,false
QN0103,Astoria (Central),Queens,3985,27086,1537,15793,0.38569636135508156,0.5830687440005907,2291,6206,403,1319,0.21253625523686756,false
QN0104,Astoria (East)-Woodside (North),Queens,3874,16353,1040,7060,0.2684563758389262,0.4317250657371736,2754,6162,347,921,0.14946445959104188,false
QN0105,Queensbridge-Ravenswood-Dutch Kills,Queens,1190,13306,401,8912,0.3369747899159664,0.6697730347211784,822,2332,147,807,0.3460548885077187,false
QN0201,Long Island City-Hunters Point,Queens,683,30048,426,22642,0.623718887262079,0.753527689030884,296,2153,125,685,0.3181607059916396,false
QN0202,Sunnyside,Queens,3086,22143,759,11434,0.24594944912508102,0.5163708621234702,2200,4680,191,461,0.0985042735042735,false
QN0203,Woodside,Queens,4511,18606,676,6374,0.14985590778097982,0.34257766311942384,3932,8451,321,863,0.10211809253342799,false
QN0261,Sunnyside Yards (South),Queens,1,185,0,0,0.0,0.0,,,,,,false
QN0301,Jackson Heights,Queens,6369,35144,765,10517,0.12011304757418748,0.29925449578875485,5601,11816,376,902,0.07633716993906567,false
QN0302,East Elmhurst,Queens,4460,8734,417,1496,0.09349775784753363,0.1712846347607053,4274,7367,314,660,0.08958870639337586,false
QN0303,North Corona,Queens,2853,10057,633,3579,0.22187171398527866,0.3558715322660833,2291,6019,272,744,0.12360857285263332,false
QN0401,Elmhurst,Queens,6745,34490,1054,13356,0.15626389918458117,0.38724267903740217,5802,13989,503,1455,0.10401029380227321,false
QN0402,Corona,Queens,4358,20440,911,7886,0.20904084442404772,0.385812133072407,3584,9394,459,1328,0.14136682989142005,false
QN0501,Maspeth,Queens,8064,15495,741,1933,0.09188988095238096,0.12474991932881575,7580,13571,473,1115,0.08216048927860879,false
QN0502,Ridgewood,Queens,7442,25371,1995,9882,0.2680730986294007,0.38949982263213906,5221,12959,660,2022,0.15603055791341924,false
QN0503,Glendale,Queens,6382,13146,628,2034,0.09840175493575681,0.15472387037882246,5805,10473,312,758,0.07237658741525828,false
QN0504,Middle Village,Queens,7526,13566,412,2271,0.05474355567366463,0.16740380362671384,7316,11501,295,695,0.06042952786714199,false
QN0601,Rego Park,Queens,2418,14130,224,4073,0.09263854425144748,0.2882519462137296,2249,4014,141,359,0.08943697060288988,false
QN0602,Forest Hills,Queens,7096,43684,658,11575,0.092728297632469,0.26497115648750114,6489,8896,367,722,0.08116007194244604,false
QN0701,College Point,Queens,5268,10009,472,1348,0.08959757023538345,0.13467878908981917,5032,9043,316,622,0.06878248368904125,false
QN0702,Whitestone-Beechhurst,Queens,6361,10758,360,761,0.056594875019651,0.07073805540063209,6185,8430,286,478,0.056702253855278766,false
QN0703,Bay Terrace-Clearview,Queens,2546,10993,170,614,0.06677140612725845,0.055853725097789506,2484,5676,156,308,0.05426356589147287,false
QN0704,Murray Hill-Broadway Flushing,Queens,7334,21234,566,5524,0.07717480229070084,0.26014881793350286,6845,10464,295,579,0.05533256880733945,false
QN0705,East Flushing,Queens,4667,11160,477,2430,0.10220698521534176,0.21774193548387097,4390,7321,317,747,0.10203524108728315,false
QN0706,Queensboro Hill,Queens,4174,6928,257,669,0.06157163392429325,0.09656466512702079,4101,6601,219,451,0.06832298136645963,false
QN0707,Flushing-Willets Point,Queens,1625,29202,562,12032,0.34584615384615386,0.4120265735223615,873,3863,122,667,0.1726637328501165,false
QN0801,Kew Gardens Hills,Queens,3501,13410,323,2907,0.09225935447015139,0.21677852348993287,3364,5097,277,494,0.096919756719639,false
QN0802,Pomonok-Electchester-Hillcrest,Queens,4348,10506,300,1462,0.06899724011039558,0.13915857605177995,4234,6215,241,629,0.10120675784392598,false
QN0803,Fresh Meadows-Utopia,Queens,3611,8133,223,3699,0.06175574633065633,0.4548137218738473,3555,4340,195,298,0.06866359447004608,false
QN0804,Jamaica Estates-Holliswood,Queens,3212,9043,323,3504,0.10056039850560398,0.3874820302996793,3108,3551,267,329,0.09264995775837792,false
QN0805,Jamaica Hills-Briarwood,Queens,3431,13572,336,3435,0.09793063246866802,0.2530946065428824,3178,5315,208,442,0.08316086547507055,false
QN0901,Kew Gardens,Queens,1521,11122,230,4022,0.15121630506245892,0.3616256069052329,1312,2329,120,283,0.1215113782739373,false
QN0902,Richmond Hill,Queens,4533,9894,552,2180,0.12177365982792852,0.22033555690317363,4022,7193,259,567,0.07882663700820242,false
QN0903,South Richmond Hill,Queens,3467,6472,371,1113,0.1070089414479377,0.17197156983930778,3220,5556,228,499,0.08981281497480202,false
QN0904,Ozone Park (North),Queens,3534,7260,378,1078,0.10696095076400679,0.1484848484848485,3263,6303,220,489,0.07758210376011423,false
QN0905,Woodhaven,Queens,5937,12000,481,1922,0.0810173488293751,0.16016666666666668,5507,9143,236,505,0.05523351197637537,false
QN1001,South Ozone Park,Queens,13933,21687,987,2394,0.07083901528744707,0.1103887121316918,13199,19695,590,1089,0.055293221629855296,false
QN1002,Ozone Park,Queens,4139,7292,314,972,0.07586373520173956,0.1332967635765222,3918,6523,174,349,0.05350298942204507,false
QN1003,Howard Beach-Lindenwood,Queens,5191,10696,281,717,0.05413215180119438,0.06703440538519073,5076,7977,226,536,0.06719318039363169,false
QN1101,Auburndale,Queens,8228,12509,416,1543,0.05055906660184735,0.12335118714525542,8039,10865,315,605,0.05568338702254947,false
QN1102,Bayside,Queens,8195,13098,516,1743,0.06296522269676633,0.13307375171781952,7985,10611,397,730,0.0687965319008576,false
QN1103,Douglaston-Little Neck,Queens,5121,9924,257,1132,0.05018551064245265,0.11406690850463523,4998,6491,195,647,0.09967647511939609,false
QN1104,Oakland Gardens-Hollis Hills,Queens,3053,10328,153,905,0.05011464133639044,0.08762587141750582,2985,4139,136,210,0.05073689296931626,false
QN1201,Jamaica,Queens,4200,23685,794,14007,0.18904761904761905,0.5913869537682077,3456,6492,306,1048,0.1614294516327788,false
QN1202,South Jamaica,Queens,6323,11099,531,1263,0.08397912383362328,0.11379403549869357,6060,9623,401,818,0.08500467629637327,false
QN1203,Baisley Park,Queens,8208,12507,487,1420,0.05933235867446394,0.11353641960502119,7998,10970,379,590,0.053783044667274384,false
QN1204,Springfield Gardens (North)-Rochdale Village,Queens,3650,12272,207,869,0.05671232876712329,0.0708116036505867,3598,5444,189,323,0.05933137398971344,false
QN1205,St. Albans,Queens,11551,15471,526,1176,0.04553718292788503,0.07601318596082994,11252,14249,387,602,0.042248578847638434,false
QN1206,Hollis,Queens,3944,7420,273,2280,0.06921906693711967,0.30727762803234504,3701,5046,149,279,0.055291319857312726,false
QN1301,Glen Oaks-Floral Park-New Hyde Park,Queens,4024,9683,188,588,0.04671968190854871,0.060724981927088716,3946,4273,160,214,0.05008190966534051,false
QN1302,Bellerose,Queens,5497,8549,212,415,0.03856649081317082,0.04854368932038835,5418,6860,184,318,0.04635568513119533,false
QN1303,Queens Village,Queens,11399,15453,523,1908,0.04588121765067111,0.12347117064647642,10964,13419,268,435,0.032416722557567626,false
QN1304,Cambria Heights,Queens,5178,5845,135,222,0.02607184241019699,0.037981180496150554,5145,5729,117,130,0.022691569209286087,false
QN1305,Laurelton,Queens,6224,8057,228,411,0.036632390745501286,0.05101154275785032,6162,7438,203,309,0.04154342565205701,false
QN1306,Springfield Gardens (South)-Brookville,Queens,3913,6107,215,398,0.054945054945054944,0.06517111511380383,3880,5994,190,315,0.052552552552552555,false
QN1307,Rosedale,Queens,5167,7809,245,438,0.04741629572285659,0.05608912792931233,5094,7704,216,384,0.04984423676012461,false
QN1401,Far Rockaway-Bayswater,Queens,5149,20790,855,9689,0.16605166051660517,0.46604136604136603,4916,8362,721,1547,0.18500358765845493,false
QN1402,Rockaway Beach-Arverne-Edgemere,Queens,3388,13994,510,4332,0.15053128689492326,0.3095612405316564,3276,6722,451,995,0.14802142219577508,false
QN1403,Breezy Point-Belle Harbor-Rockaway Park-Broad Channel,Queens,4184,12352,258,1857,0.061663479923518165,0.15034002590673576,3990,5881,162,304,0.051691889134500936,false
QN8492,Jacob Riis Park-Fort Tilden-Breezy Point Tip,Queens,9,9,1,1,,,9,9,1,1,,true
SI0101,St. George-New Brighton,Staten Island,2430,7298,469,2713,0.19300411522633745,0.3717456837489723,2212,3763,337,732,0.19452564443263354,false
SI0102,Tompkinsville-Stapleton-Clifton-Fox Hills,Staten Island,2643,5912,425,1422,0.16080211880438894,0.2405277401894452,2375,3437,267,534,0.15536805353505964,false
SI0103,Rosebank-Shore Acres-Park Hill,Staten Island,4593,8938,311,888,0.0677117352492924,0.09935108525397181,4421,6007,213,386,0.06425836524055269,false
SI0104,West New Brighton-Silver Lake-Grymes Hill,Staten Island,7420,13190,520,2380,0.07008086253369272,0.18043972706595907,7172,9950,387,907,0.09115577889447236,false
SI0105,Westerleigh-Castleton Corners,Staten Island,8645,11933,361,835,0.041758241758241756,0.06997402162071566,8462,11034,270,437,0.03960485771252492,false
SI0106,Port Richmond,Staten Island,4056,6891,545,1496,0.1343688362919132,0.21709476128283267,3781,5647,385,720,0.12750132813883477,false
SI0107,Mariner's Harbor-Arlington-Graniteville,Staten Island,5613,10003,426,2211,0.07589524318546231,0.2210336898930321,5492,8626,355,1044,0.12102944586134941,false
SI0191,Snug Harbor,Staten Island,1,1,0,0,,,1,1,0,0,,true
SI0201,Grasmere-Arrochar-South Beach-Dongan Hills,Staten Island,7660,12085,470,1369,0.06135770234986945,0.11328092676872155,7430,10218,336,575,0.05627324329614406,false
SI0202,New Dorp-Midland Beach,Staten Island,7785,10935,425,933,0.054592164418754016,0.08532235939643347,7632,10301,356,594,0.05766430443646248,false
SI0203,Todt Hill-Emerson Hill-Lighthouse Hill-Manor Heights,Staten Island,7972,10392,304,839,0.038133467134972406,0.08073518090839107,7881,9758,265,370,0.03791760606681697,false
SI0204,New Springville-Willowbrook-Bulls Head-Travis,Staten Island,8039,15406,274,1083,0.03408384127379027,0.07029728677138777,7942,14990,228,925,0.06170780520346898,false
SI0301,Oakwood-Richmondtown,Staten Island,5811,8474,146,1619,0.02512476337979694,0.19105499173943827,5759,7000,120,185,0.02642857142857143,false
SI0302,Great Kills-Eltingville,Staten Island,15543,20717,478,1102,0.030753393810718652,0.05319302987884346,15391,20102,390,834,0.041488409113521044,false
SI0303,Arden Heights-Rossville,Staten Island,8186,11080,152,256,0.018568287319814317,0.023104693140794223,8163,11047,145,240,0.02172535530008147,false
SI0304,Annadale-Huguenot-Prince's Bay-Woodrow,Staten Island,11253,15634,418,679,0.03714565004887586,0.04343098375335806,11148,15502,376,601,0.03876919107211973,false
SI0305,Tottenville-Charleston,Staten Island,4549,6513,261,458,0.05737524730710046,0.07032089666820206,4459,6341,201,320,0.05046522630499921,false
SI0391,Freshkills Park (South),Staten Island,18,27,4,8,0.2222222222222222,0.2962962962962963,17,26,4,8,0.3076923076923077,false
